Ubicació;Edifici;Tipus de recurs;Descripció del recurs;Observacions;Característiques específiques;;Valor característiques específiques;;Superfície Centre Gestor;Metres
QC/0029;Q;Sala d'actes, reunions i juntes;Sala de juntes;;Aire condicionat;;Sí;;61,0;61
;;;;;Canó projecció fix;;Sí;;;
;;;;;Connexió xarxa;;Sí;;;
;;;;;Connexió xarxa sense fil;;Sí;;;
;;;;;Megafonia;;Sí;;;
;;;;;Ordinador;;amb DVD - USB;;;
;;;;;Pantalla carril;;Sí;;;
;;;;;Pissarra;;blanca -pantalla;;;
;;;;;Retroprojector;;Sí;;;
;;;;;Vídeo;; ;;;
;;;;;Videoconferència;;Sí;;;
QC/0091;Q;Sala d'actes, reunions i juntes;Sala reunions DEQBA;;Ordinador;; ;;17,0;17
;;;;;Pissarra;;verda -pantalla;;;
;;;;;Vídeo;; ;;;
QC/2027;Q;Sala d'actes, reunions i juntes;Sala de reunions;;;;;;18,0;18
QC/3115.5;Q;Sala d'actes, reunions i juntes;Sala reunions;;Aire condicionat;;Sí;;15,0;15
;;;;;Connexió a la xarxa (nombre);;4;;;
;;;;;Connexió xarxa sense fil;;Sí;;;
;;;;;Ordinador;; ;;;
;;;;;Pissarra;;blanca -pantalla;;;
;;;;;Vídeo;; ;;;
QS/1002;Q;Sala d'actes, reunions i juntes;Sala de professorat;;;;;;18,0;18
Q1/0003;Q;Sala d'actes, reunions i juntes;Sala de graus (2 portes);;Aire condicionat;;Sí;;106,0;106
;;;;;Canó projecció fix;;Sí;;;
;;;;;Connexió xarxa;;Sí;;;
;;;;;Connexió xarxa sense fil;;Sí;;;
;;;;;Faristol;;Sí;;;
;;;;;Megafonia;;Sí;;;
;;;;;Micròfons de taula;;Sí;;;
;;;;;Ordinador;;amb DVD - USB;;;
;;;;;Pantalla carril;;Sí;;;
;;;;;Pissarra;;verda -pantalla;;;
;;;;;Retroprojector;;Sí;;;
;;;;;Vídeo;; ;;;
Q1/1003;Q;Aules docents;Aula Q1/1003 (dues portes);;Aire condicionat;;Sí;;106,0;106
;;;;;Canó projecció fix;;Sí;;;
;;;;;Connexió xarxa sense fil;;Sí;;;
;;;;;Megafonia;;Sí;;;
;;;;;Micròfon de corbata;;Sí;;;
;;;;;Ordinador;;amb USB;;;
;;;;;Pantalla carril;;Sí;;;
;;;;;Pissarra;;verda -pantalla;;;
;;;;;Tarima;;Sí;;;
;;;;;Vídeo;; ;;;
Q1/1007;Q;Aules docents;Aula Q1/1007 (dues portes);;Aire condicionat;;Sí;;102,0;102
;;;;;Canó projecció fix;;Sí;;;
;;;;;Connexió xarxa sense fil;;Sí;;;
;;;;;Megafonia;;Sí;;;
;;;;;Micròfon de corbata;;Sí;;;
;;;;;Ordinador;;amb USB;;;
;;;;;Pantalla carril;;Sí;;;
;;;;;Pissarra;;verda -pantalla;;;
;;;;;Tarima;;Sí;;;
;;;;;Vídeo;; ;;;
Q1/1011;Q;Aules docents;Aula Q1/1011 (tres portes);;Aire condicionat;;Sí;;155,0;155
;;;;;Canó projecció fix;;Sí;;;
;;;;;Connexió xarxa sense fil;;Sí;;;
;;;;;Megafonia;;Sí;;;
;;;;;Micròfon de corbata;;Sí;;;
;;;;;Ordinador;;amb USB;;;
;;;;;Pantalla carril;;Sí;;;
;;;;;Pissarra;;verda -pantalla;;;
;;;;;Tarima;;Sí;;;
;;;;;Vídeo;; ;;;
Q2/1003;Q;Aules docents;Aula Q2/1003;;Aire condicionat;;Sí;;80,0;80
;;;;;Canó projecció fix;;Sí;;;
;;;;;Connexió xarxa sense fil;;Sí;;;
;;;;;Megafonia;;Sí;;;
;;;;;Micròfon de corbata;;Sí;;;
;;;;;Ordinador;;amb USB;;;
;;;;;Pantalla carril;;Sí;;;
;;;;;Pissarra;;verda -pantalla;;;
;;;;;Tarima;;Sí;;;
;;;;;Vídeo;; ;;;
Q2/1005;Q;Aules docents;Aula Q2/1005 (dues portes);;Aire condicionat;;Sí;;76,0;76
;;;;;Canó projecció fix;;Sí;;;
;;;;;Connexió xarxa sense fil;;Sí;;;
;;;;;Megafonia;;Sí;;;
;;;;;Micròfon de corbata;;Sí;;;
;;;;;Ordinador;;amb USB;;;
;;;;;Pantalla carril;;Sí;;;
;;;;;Pissarra;;verda -pantalla;;;
;;;;;Tarima;;Sí;;;
;;;;;Vídeo;; ;;;
Q2/1009;Q;Aules docents;Aula Q2/1009 (dues portes);;Aire condicionat;;Sí;;102,0;102
;;;;;Canó projecció fix;;Sí;;;
;;;;;Connexió xarxa sense fil;;Sí;;;
;;;;;Megafonia;;Sí;;;
;;;;;Micròfon de corbata;;Sí;;;
;;;;;Ordinador;;amb USB;;;
;;;;;Pantalla carril;;Sí;;;
;;;;;Pissarra;;verda -pantalla;;;
;;;;;Tarima;;Sí;;;
;;;;;Vídeo;; ;;;
Q2/1013;Q;Aules docents;Aula Q2/1013 (dues portes);;Aire condicionat;;Sí;;103,0;103
;;;;;Canó projecció fix;;Sí;;;
;;;;;Connexió xarxa sense fil;;Sí;;;
;;;;;Megafonia;;Sí;;;
;;;;;Micròfon de corbata;;Sí;;;
;;;;;Ordinador;;amb USB;;;
;;;;;Pantalla carril;;Sí;;;
;;;;;Pissarra;;verda -pantalla;;;
;;;;;Tarima;;Sí;;;
;;;;;Vídeo;; ;;;
Q3/0003;Q;Aules docents;Aula Q3/0003 (dues portes);;Aire condicionat;;Sí;;106,0;106
;;;;;Canó projecció fix;;Sí;;;
;;;;;Connexió xarxa sense fil;;Sí;;;
;;;;;Megafonia;;Sí;;;
;;;;;Micròfon de corbata;;Sí;;;
;;;;;Ordinador;;amb USB;;;
;;;;;Pantalla carril;;Sí;;;
;;;;;Pissarra;;verda -pantalla;;;
;;;;;Tarima;;Sí;;;
;;;;;Vídeo;; ;;;
Q3/0009;Q;Aules docents;Aula Q3/0009;;Aire condicionat;;Sí;;50,0;50
;;;;;Canó projecció fix;;Sí;;;
;;;;;Connexió xarxa sense fil;;Sí;;;
;;;;;Megafonia;;Sí;;;
;;;;;Micròfon de corbata;;Sí;;;
;;;;;Ordinador;;amb USB;;;
;;;;;Pantalla carril;;Sí;;;
;;;;;Pissarra;;verda -pantalla;;;
;;;;;Tarima;;Sí;;;
;;;;;Vídeo;; ;;;
Q3/0013;Q;Aules docents;Aula Q3/0013;;Aire condicionat;;Sí;;50,0;50
;;;;;Canó projecció fix;;Sí;;;
;;;;;Connexió xarxa sense fil;;Sí;;;
;;;;;Megafonia;;Sí;;;
;;;;;Micròfon de corbata;;Sí;;;
;;;;;Ordinador;;amb USB;;;
;;;;;Pantalla carril;;Sí;;;
;;;;;Pissarra;;verda -pantalla;;;
;;;;;Tarima;;Sí;;;
;;;;;Vídeo;; ;;;
Q3/1003;Q;Aules docents;Aules Q3/1003 (dues portes);;Aire condicionat;;Sí;;106,0;106
;;;;;Canó projecció fix;;Sí;;;
;;;;;Connexió xarxa sense fil;;Sí;;;
;;;;;Megafonia;;Sí;;;
;;;;;Micròfon de corbata;;Sí;;;
;;;;;Ordinador;;amb USB;;;
;;;;;Pantalla carril;;Sí;;;
;;;;;Pissarra;;verda -pantalla;;;
;;;;;Tarima;;Sí;;;
;;;;;Vídeo;; ;;;
Q3/1007;Q;Aules docents;Aules Q3/1007 (dues portes);;Aire condicionat;;Sí;;129,0;129
;;;;;Canó projecció fix;;Sí;;;
;;;;;Connexió xarxa sense fil;;Sí;;;
;;;;;Megafonia;;Sí;;;
;;;;;Micròfon de corbata;;Sí;;;
;;;;;Ordinador;;amb USB;;;
;;;;;Pantalla carril;;Sí;;;
;;;;;Pissarra;;verda -pantalla;;;
;;;;;Tarima;;Sí;;;
;;;;;Vídeo;; ;;;
Q3/1011;Q;Aules docents;Aula Q3/1011 (tres portes);;Aire condicionat;;Sí;;129,0;129
;;;;;Canó projecció fix;;Sí;;;
;;;;;Connexió xarxa sense fil;;Sí;;;
;;;;;Megafonia;;Sí;;;
;;;;;Micròfon de corbata;;Sí;;;
;;;;;Ordinador;;amb USB;;;
;;;;;Pantalla carril;;Sí;;;
;;;;;Pissarra;;verda -pantalla;;;
;;;;;Tarima;;Sí;;;
;;;;;Vídeo;; ;;;
Q4/0003;Q;Aules docents;Aula Q4/0003 (dues portes);;Aire condicionat;;Sí;;106,0;106
;;;;;Canó projecció fix;;Sí;;;
;;;;;Connexió xarxa sense fil;;Sí;;;
;;;;;Megafonia;;Sí;;;
;;;;;Micròfon de corbata;;Sí;;;
;;;;;Ordinador;;amb USB;;;
;;;;;Pantalla carril;;Sí;;;
;;;;;Pissarra;;verda -pantalla;;;
;;;;;Tarima;;Sí;;;
;;;;;Vídeo;; ;;;
Q4/0007;Q;Aules docents;Aula Q4/0007 (dues portes);;Aire condicionat;;Sí;;129,0;129
;;;;;Canó projecció fix;;Sí;;;
;;;;;Connexió xarxa sense fil;;Sí;;;
;;;;;Megafonia;;Sí;;;
;;;;;Micròfon de corbata;;Sí;;;
;;;;;Ordinador;;amb USB;;;
;;;;;Pantalla carril;;Sí;;;
;;;;;Pissarra;;verda -pantalla;;;
;;;;;Tarima;;Sí;;;
;;;;;Vídeo;; ;;;
Q4/0011;Q;Aules docents;Aula Q4/0011 (tres portes);;Aire condicionat;;Sí;;129,0;129
;;;;;Canó projecció fix;;Sí;;;
;;;;;Connexió xarxa sense fil;;Sí;;;
;;;;;Megafonia;;Sí;;;
;;;;;Micròfon de corbata;;Sí;;;
;;;;;Ordinador;;amb USB;;;
;;;;;Pantalla carril;;Sí;;;
;;;;;Pissarra;;verda -pantalla;;;
;;;;;Tarima;;Sí;;;
;;;;;Vídeo;; ;;;
Q4/1003;Q;Aules docents;Aula Q4/1003;;Aire condicionat;;Sí;;80,0;80
;;;;;Canó projecció fix;;Sí;;;
;;;;;Connexió xarxa sense fil;;Sí;;;
;;;;;Megafonia;;Sí;;;
;;;;;Micròfon de corbata;;Sí;;;
;;;;;Ordinador;;amb USB;;;
;;;;;Pantalla carril;;Sí;;;
;;;;;Pissarra;;verda -pantalla;;;
;;;;;Vídeo;; ;;;
Q4/1005;Q;Aules docents;Aula Q4/1005;;Aire condicionat;;Sí;;77,0;77
;;;;;Canó projecció fix;;Sí;;;
;;;;;Connexió xarxa sense fil;;Sí;;;
;;;;;Megafonia;;Sí;;;
;;;;;Micròfon de corbata;;Sí;;;
;;;;;Ordinador;;amb USB;;;
;;;;;Pantalla carril;;Sí;;;
;;;;;Pissarra;;verda -pantalla;;;
;;;;;Vídeo;; ;;;
Q4/1009;Q;Aules docents;Aula Q4/1009 (dues portes);;Aire condicionat;;Sí;;103,0;103
;;;;;Canó projecció fix;;Sí;;;
;;;;;Connexió xarxa sense fil;;Sí;;;
;;;;;Megafonia;;Sí;;;
;;;;;Micròfon de corbata;;Sí;;;
;;;;;Ordinador;;amb USB;;;
;;;;;Pantalla carril;;Sí;;;
;;;;;Pissarra;;verda -pantalla;;;
;;;;;Tarima;;Sí;;;
;;;;;Taules per a minusvàlids;;1;;;
;;;;;Vídeo;; ;;;
Q4/1013;Q;Aules docents;Aula Q4/1013 (dues portes);;Aire condicionat;;Sí;;104,0;104
;;;;;Canó projecció fix;;Sí;;;
;;;;;Connexió xarxa sense fil;;Sí;;;
;;;;;Megafonia;;Sí;;;
;;;;;Micròfon de corbata;;Sí;;;
;;;;;Ordinador;;amb USB;;;
;;;;;Pantalla carril;;Sí;;;
;;;;;Pissarra;;verda -pantalla;;;
;;;;;Tarima;;Sí;;;
;;;;;Taules per a minusvàlids;;1;;;
;;;;;Vídeo;; ;;;
QC/0011;Q;Seminaris;Seminari A;;Canó projecció fix;;Sí;;63,0;63
;;;;;Connexió xarxa;;Sí;;;
;;;;;Connexió xarxa sense fil;;Sí;;;
;;;;;Ordinador;;amb DVD - USB;;;
;;;;;Pantalla carril;;Sí;;;
;;;;;Pissarra;;verda -pantalla;;;
;;;;;Vídeo;; ;;;
QC/0015;Q;Seminaris;Seminari B;;Canó projecció fix;;Sí;;46,0;46
;;;;;Connexió xarxa;;Sí;;;
;;;;;Connexió xarxa sense fil;;Sí;;;
;;;;;Ordinador;;amb DVD - USB;;;
;;;;;Pantalla fixa;;Sí;;;
;;;;;Pissarra;;blanca -pantalla;;;
;;;;;Vídeo;; ;;;
QC/0019;Q;Seminaris;Seminari C;;Canó projecció fix;;Sí;;31,0;31
;;;;;Connexió xarxa;;Sí;;;
;;;;;Connexió xarxa sense fil;;Sí;;;
;;;;;Ordinador;;amb DVD - USB;;;
;;;;;Pantalla carril;;Sí;;;
;;;;;Pissarra;;verda -pantalla;;;
;;;;;Vídeo;; ;;;
QC/0030;Q;Seminaris;Openlabs;;Ordinador;; ;;28,0;28
;;;;;Pissarra;; ;;;
;;;;;Vídeo;; ;;;
QC/0036.B;Q;Seminaris;Seminari D;;Canó projecció fix;;Sí;;40,0;40
;;;;;Connexió xarxa;;Sí;;;
;;;;;Connexió xarxa sense fil;;Sí;;;
;;;;;Ordinador;;amb DVD - USB;;;
;;;;;Pantalla fixa;;Sí;;;
;;;;;Pissarra;;blanca -pantalla;;;
;;;;;Vídeo;; ;;;
QC/1017;Q;Seminaris;Seminari;;;;;;18,0;18
QC/2004;Q;Seminaris;Seminari C. Shannon;;;;;;54,0;54
QC/2080;Q;Seminaris;Seminari;;Ordinador;;PC;;34,0;34
;;;;;Pissarra;;blanca -pantalla;;;
;;;;;Vídeo;; ;;;
QC/3012;Q;Seminaris;Seminari Tomas Diez;;Ordinador;;PC;;36,0;36
;;;;;Pissarra;;blanca -pantalla;;;
;;;;;Vídeo;;VHS;;;
QC/3042;Q;Seminaris;Seminari;;;;;;36,0;36
QC/3049;Q;Seminaris;Seminari;;;;;;54,0;54
QC/3115.1;Q;Seminaris;Seminari E;;Connexió xarxa;;Sí;;52,0;52
;;;;;Connexió xarxa sense fil;;Sí;;;
;;;;;Ordinador;; ;;;
;;;;;Pissarra;; ;;;
;;;;;Pissarra interactiva;;Sí;;;
;;;;;Televisor;;Sí;;;
;;;;;Vídeo;; ;;;
QC/3115.2;Q;Seminaris;Seminari F;;Connexió xarxa;;Sí;;49,0;49
;;;;;Connexió xarxa sense fil;;Sí;;;
;;;;;Ordinador;; ;;;
;;;;;Pissarra;; ;;;
;;;;;Pissarra interactiva;;Sí;;;
;;;;;Televisor;;Sí;;;
;;;;;Vídeo;; ;;;
QC/3115.3;Q;Seminaris;Seminari G;;Connexió xarxa;;Sí;;37,0;37
;;;;;Connexió xarxa sense fil;;Sí;;;
;;;;;Ordinador;; ;;;
;;;;;Pissarra;; ;;;
;;;;;Pissarra interactiva;;Sí;;;
;;;;;Televisor;;Sí;;;
;;;;;Vídeo;; ;;;
QC/3115.4;Q;Seminaris;Seminari H;si es necessita una televisió interactiva per fer presentacions, tenir pissarra, etc, s'ha d'especificar al fer la reserva;Connexió xarxa;;Sí;;51,0;51
;;;;;Connexió xarxa sense fil;;Sí;;;
;;;;;Ordinador;; ;;;
;;;;;Pissarra;; ;;;
;;;;;Vídeo;; ;;;
QC/0022.B;Q;Aules especials;FATLAB;;Ordinador;;PC;;100,0;100
;;;;;Pissarra;;interactiva;;;
;;;;;Vídeo;; ;;;
Q1/0007;Q;Aules informàtiques;Aula d`informàtica A (2 portes;;Connexió xarxa;;Sí;;103,0;103
;;;;;Impressora làser;;Sí;;;
;;;;;Impressora matricial;;Sí;;;
;;;;;Ordinador;;PC;;;
;;;;;Pissarra;;blanca -pantalla;;;
Q1/0013;Q;Aules informàtiques;Sala d`operadors d`informàt.;;;;;;43,0;43
Q1/0019;Q;Aules informàtiques;Aula d`informàtica B;;Impressora;;color;;103,0;103
;;;;;Impressora làser;;Sí;;;
;;;;;Impressora matricial;;Sí;;;
;;;;;Ordinador;;PC;;;
;;;;;Pissarra;;blanca -pantalla;;;
Q6/1012;Q;Aules informàtiques;Sala ordinadors ús lliure;;Connexió xarxa;;Sí;;74,0;74
;;;;;Connexió xarxa sense fil;;Sí;;;
;;;;;Impressora;; ;;;
;;;;;Ordinador;;PC;;;
;;;;;Ordinadors (nombre);;20;;;
;;;;;Pissarra;; ;;;
;;;;;Vídeo;; ;;;
QC/1082;Q;Laboratoris docents;Lab. recerca (QC/1086-QC/1090);;Ordinador;; ;;48,0;96
;;;;;Pissarra;; ;;;
;;;;;;;;;48,0;
QC/1084;Q;Laboratoris docents;Lab.recerca II(QC/1088-QC/1092;;Ordinador;; ;;9,6;96
;;;;;Pissarra;; ;;;
;;;;;;;;;86,4;
QC/3088;Q;Laboratoris docents;Laboratori;;;;;;91,0;91
Q2/0007;Q;Laboratoris docents;Lab. Integrat Informàtica 1;;Ordinador;;PC;;51,0;51
;;;;;Pissarra;; ;;;
Q2/0011;Q;Laboratoris docents;Lab. Integrat Informàtica 2;;;;;;51,0;51
Q2/0013;Q;Laboratoris docents;Lab. Integrat Informàtica 3;;Ordinador;;PC;;51,0;51
;;;;;Ordinadors (nombre);;12;;;
;;;;;Pissarra;; ;;;
Q2/0017;Q;Laboratoris docents;Lab. Integrat Informàtica 4;;Ordinador;; ;;51,0;51
;;;;;Ordinadors (nombre);;12;;;
;;;;;Pissarra;; ;;;
Q2/0019;Q;Laboratoris docents;Lab. Integrat Informàtica 5;;Ordinador;; ;;51,0;51
;;;;;Ordinadors (nombre);;12;;;
;;;;;Pissarra;; ;;;
Q3/0007;Q;Laboratoris docents;Laboratori Integrat 6 (Q3/0007);;Canó projecció fix;;Sí;;50,0;50
;;;;;Connexió xarxa;;Sí;;;
;;;;;Connexió xarxa sense fil;;Sí;;;
;;;;;Ordinador;;amb USB;;;
;;;;;Pantalla fixa;;Sí;;;
;;;;;Pissarra;;blanca -pantalla;;;
Q3/0011;Q;Laboratoris docents;Laboratori Integrat 7 (Q3/0011);;Canó projecció fix;;Sí;;50,0;50
;;;;;Connexió xarxa;;Sí;;;
;;;;;Connexió xarxa sense fil;;Sí;;;
;;;;;Ordinador;;amb USB;;;
;;;;;Pantalla fixa;;Sí;;;
;;;;;Pissarra;;blanca -pantalla;;;
Q5/0003;Q;Laboratoris docents;Lab. docent Estruct. Comput.;;Ordinador;;PC;;18,5;74
;;;;;Pissarra;;blanca -pantalla;;;
;;;;;;;;;55,5;
Q5/0004;Q;Laboratoris docents;Laboratori docent ACSO;;Ordinador;;PC;;25,25;101
;;;;;Pissarra;; ;;;
;;;;;;;;;75,75;
Q5/1005;Q;Laboratoris docents;Laboratori docent Ee;;;;;;67,5;75
;;;;;;;;;7,5;
Q5/1006;Q;Laboratoris docents;Laboratori de Projectes EE;;;;;;25,0;25
Q5/1009;Q;Laboratoris docents;Laboratori docent Elect.Gral.;;Ordinador;; ;;69,3;77
;;;;;Pissarra;; ;;;
;;;;;;;;;7,7;
Q5/1010;Q;Laboratoris docents;Laboratori docent Automàtica;;;;;;50,0;50
Q5/1011;Q;Laboratoris docents;Laboratori docent DCC (Q5/1012;;;;;;98,0;98
Q5/2003;Q;Laboratoris docents;Laboratori docent Sist. Dig.;;Ordinador;;PC;;49,5;99
;;;;;Pissarra;;blanca -pantalla;;;
;;;;;;;;;49,5;
Q5/2006;Q;Laboratoris docents;Laboratori docent Me;;Ordinador;;PC;;38,0;76
;;;;;Pissarra;;blanca -pantalla;;;
;;;;;;;;;38,0;
Q5/2007;Q;Laboratoris docents;Laboratori Cèl·lula Flexible;;;;;;50,0;50
Q5/2008;Q;Laboratoris docents;Laboratori docent CCD;;;;;;50,0;50
Q5/2009;Q;Laboratoris docents;Laboratori docent CCD;;;;;;45,0;45
Q6/0006;Q;Laboratoris docents;Lab.doc.(Q6/0005-0007-0008);;;;;;175,0;175
Q6/1006;Q;Laboratoris docents;Lab doc EQ B (Q6/0007+Q6/0008);;;;;;151,0;151
Q6/2004;Q;Laboratoris docents;Laboratori docent Elect.P/Tele;;;;;;7,3;73
;;;;;;;;;65,7;
Q6/2005;Q;Laboratoris docents;Laboratori docent Comunicació;;;;;;76,0;76
Q6/2007;Q;Laboratoris docents;Laboratori docent Telecomunic.;;;;;;25,0;50
;;;;;;;;;25,0;
Q6/2008;Q;Laboratoris docents;Laboratori;;Canó projecció fix;;Sí;;50,0;50
;;;;;Connexió xarxa;;Sí;;;
;;;;;Ordinador;; ;;;
;;;;;Ordinadors (nombre);;20;;;
;;;;;Pissarra;; ;;;
Q6/2009;Q;Laboratoris docents;Laboratori;;;;;;45,0;45
QC/0007;Q;Despatx;Consell d`Estudiants;ja no existeix, ara aquest espai és el despatx de la gestora econòmica qc/0013.1;;;;;33,0;33
QC/0014;Q;Despatx;Magatzem GAISL;;;;;;16,0;16
QC/0027;Q;Despatx;Secretaria de Direcció;;;;;;27,0;27
QC/0032;Q;Despatx;A Desapareixer;;;;;;53,0;53
QC/0033;Q;Despatx;Despatx del director ETSE;;;;;;33,0;33
QC/0034;Q;Despatx;Despatx Direcció;;;;;;1,0;1
QC/0040;Q;Despatx;Despatx Direcció;;;;;;19,0;19
QC/0061;Q;Despatx;Despatx;;;;;;10,0;10
QC/1002;Q;Despatx;Despatx;;;;;;17,0;17
QC/1003;Q;Despatx;Despatx;;;;;;37,0;37
QC/1004;Q;Despatx;Despatx;;;;;;17,0;17
QC/1005;Q;Despatx;Despatx;;;;;;19,0;19
QC/1006;Q;Despatx;Despatx;;;;;;17,0;17
QC/1008;Q;Despatx;Despatx;;;;;;18,0;18
QC/1009;Q;Despatx;Despatx;;;;;;18,0;18
QC/1010;Q;Despatx;Despatx;;;;;;18,0;18
QC/1011;Q;Despatx;Despatx;;;;;;17,0;17
QC/1012;Q;Despatx;Despatx;;;;;;18,0;18
QC/1013;Q;Despatx;Despatx;;;;;;18,0;18
QC/1014;Q;Despatx;Despatx;;;;;;18,0;18
QC/1015;Q;Despatx;Despatx;;;;;;17,0;17
QC/1016;Q;Despatx;Despatx;;;;;;18,0;18
QC/1018;Q;Despatx;Despatx;;;;;;18,0;18
QC/1019;Q;Despatx;Despatx;;;;;;18,0;18
QC/1020;Q;Despatx;Despatx;;;;;;18,0;18
QC/1021;Q;Despatx;Despatx;;;;;;18,0;18
QC/1022;Q;Despatx;Despatx;;;;;;18,0;18
QC/1023;Q;Despatx;Despatx;;;;;;17,0;17
QC/1024;Q;Despatx;Despatx;;;;;;18,0;18
QC/1025;Q;Despatx;Despatx;;;;;;18,0;18
QC/1026;Q;Despatx;Despatx;;;;;;18,0;18
QC/1027;Q;Despatx;Despatx;;;;;;17,0;17
QC/1028;Q;Despatx;Despatx;;;;;;18,0;18
QC/1029;Q;Despatx;Despatx;;;;;;18,0;18
QC/1030;Q;Despatx;Despatx;;;;;;18,0;18
QC/1032;Q;Despatx;Despatx;;;;;;18,0;18
QC/1034;Q;Despatx;Despatx;;;;;;18,0;18
QC/1036;Q;Despatx;Despatx;;;;;;18,0;18
QC/1038;Q;Despatx;Despatx;;;;;;18,0;18
QC/1040;Q;Despatx;Despatx;;;;;;18,0;18
QC/1042;Q;Despatx;Despatx;;;;;;18,0;18
QC/1044;Q;Despatx;Despatx;;;;;;18,0;18
QC/1046;Q;Despatx;Despatx;;;;;;18,0;18
QC/1047;Q;Despatx;Despatx;;;;;;17,0;17
QC/1048;Q;Despatx;Despatx;;;;;;18,0;18
QC/1049;Q;Despatx;Despatx;;;;;;18,0;18
QC/1050;Q;Despatx;Despatx;;;;;;18,0;18
QC/1051;Q;Despatx;Despatx;;;;;;17,0;17
QC/1052;Q;Despatx;Despatx;;;;;;18,0;18
QC/1053;Q;Despatx;Despatx;;;;;;17,0;17
QC/1054;Q;Despatx;Despatx;;;;;;17,0;17
QC/1056;Q;Despatx;Despatx;;;;;;18,0;18
QC/1076;Q;Despatx;Despatx;;;;;;17,0;17
QC/1081;Q;Despatx;Secretaria;;;;;;33,0;33
QC/1083;Q;Despatx;Despatx;;;;;;30,0;30
QC/1085;Q;Despatx;Despatx;;;;;;17,0;17
QC/1087;Q;Despatx;Despatx;;;;;;17,0;17
QC/1089;Q;Despatx;Despatx;;;;;;17,0;17
QC/1091;Q;Despatx;Despatx;;;;;;17,0;17
QC/1093;Q;Despatx;Despatx;;;;;;17,0;17
QC/1095;Q;Despatx;Despatx;;;;;;17,0;17
QC/1097;Q;Despatx;Despatx;;;;;;17,0;17
QC/1099;Q;Despatx;Despatx;;;;;;17,0;17
QC/1101;Q;Despatx;Despatx;;;;;;17,0;17
QC/1103;Q;Despatx;Despatx;;;;;;17,0;17
QC/1105;Q;Despatx;Despatx;;;;;;17,0;17
QC/1107;Q;Despatx;Despatx;;;;;;17,0;17
QC/1109;Q;Despatx;Despatx;;;;;;17,0;17
QC/1111;Q;Despatx;Despatx;;;;;;17,0;17
QC/1113;Q;Despatx;Despatx;;;;;;16,0;16
QC/1115;Q;Despatx;Despatx;;;;;;17,0;17
QC/1117;Q;Despatx;Despatx;;;;;;17,0;17
QC/1119;Q;Despatx;Despatx;;;;;;17,0;17
QC/1131;Q;Despatx;Despatx;;;;;;17,0;17
QC/1133;Q;Despatx;Despatx;;;;;;17,0;17
QC/1135;Q;Despatx;Despatx;;;;;;16,0;16
QC/1137;Q;Despatx;Despatx;;;;;;17,0;17
QC/1139;Q;Despatx;Despatx;;;;;;17,0;17
QC/1141;Q;Despatx;Despatx;;;;;;17,0;17
QC/1143;Q;Despatx;Despatx;;;;;;17,0;17
QC/1145;Q;Despatx;Despatx;;;;;;17,0;17
QC/1147;Q;Despatx;Despatx;;;;;;17,0;17
QC/1149;Q;Despatx;Despatx;;;;;;18,0;18
QC/127;Q;Despatx;Despatx;;;;;;17,0;17
QC/2002;Q;Despatx;Despatx;;;;;;17,0;17
QC/2003;Q;Despatx;Despatx;;;;;;18,0;18
QC/2005;Q;Despatx;Despatx tècnics;;;;;;18,0;18
QC/2006;Q;Despatx;Despatx;;;;;;18,0;18
QC/2009;Q;Despatx;Despatx;;;;;;18,0;18
QC/2010;Q;Despatx;Despatx;;;;;;18,0;18
QC/2013;Q;Despatx;Despatx;;;;;;18,0;18
QC/2014;Q;Despatx;Despatx;;;;;;18,0;18
QC/2015;Q;Despatx;Despatx;;;;;;18,0;36
;;;;;;;;;18,0;
QC/2016;Q;Despatx;Despatx;;;;;;18,0;18
QC/2017;Q;Despatx;Despatx;;;;;;18,0;18
QC/2019;Q;Despatx;Despatx;;;;;;17,0;17
QC/2021;Q;Despatx;Despatx;;;;;;18,0;18
QC/2022;Q;Despatx;Despatx;;;;;;18,0;18
QC/2023;Q;Despatx;Despatx;;;;;;18,0;18
QC/2025;Q;Despatx;Despatx;;;;;;18,0;18
QC/2026;Q;Despatx;Despatx;;;;;;18,0;18
QC/2030;Q;Despatx;Despatx;;;;;;18,0;18
QC/2031;Q;Despatx;Despatx;;;;;;18,0;18
QC/2032;Q;Despatx;Despatx;;;;;;18,0;18
QC/2033;Q;Despatx;Despatx;;;;;;18,0;18
QC/2034;Q;Despatx;Despatx;;;;;;18,0;18
QC/2035;Q;Despatx;Despatx;;;;;;18,0;18
QC/2036;Q;Despatx;Despatx;;;;;;18,0;18
QC/2037;Q;Despatx;Despatx;;;;;;18,0;18
QC/2038;Q;Despatx;Despatx;;;;;;18,0;18
QC/2039;Q;Despatx;Despatx;;;;;;18,0;18
QC/2040;Q;Despatx;Despatx;;;;;;18,0;18
QC/2041;Q;Despatx;Despatx;;;;;;18,0;18
QC/2042;Q;Despatx;Despatx;;;;;;18,0;18
QC/2044;Q;Despatx;Despatx;;;;;;18,0;18
QC/2045;Q;Despatx;Despatx;;;;;;36,0;36
QC/2046;Q;Despatx;Despatx;;;;;;36,0;36
QC/2048;Q;Despatx;Despatx;;;;;;18,0;18
QC/2049;Q;Despatx;Despatx;;;;;;18,0;18
QC/2051;Q;Despatx;Despatx;;;;;;18,0;18
QC/2052;Q;Despatx;Despatx;;;;;;18,0;18
QC/2054;Q;Despatx;Despatx;;;;;;26,0;26
QC/2056;Q;Despatx;Despatx;;;;;;18,0;18
QC/2060;Q;Despatx;Despatx;;;;;;18,0;18
QC/2085;Q;Despatx;Despatx ;;;;;;14,0;14
QC/2103;Q;Despatx;Direcció de l'Escola d'Enginyeria;;;;;;17,0;17
QC/2105;Q;Despatx;despatx;;;;;;17,0;17
QC/2107;Q;Despatx;Despatx;;;;;;17,0;17
QC/2109;Q;Despatx;Despatx;;;;;;17,0;17
QC/2111;Q;Despatx;Despatx;;;;;;17,0;17
QC/2113;Q;Despatx;despatx;;;;;;17,0;17
QC/2115;Q;Despatx;Despatx;;;;;;16,0;16
QC/2117;Q;Despatx;despatx;;;;;;16,0;16
QC/2119;Q;Despatx;Despatx;;;;;;16,0;16
QC/2123;Q;Despatx;Despatx;;;;;;17,0;17
QC/2125;Q;Despatx;Despatx;;;;;;16,0;16
QC/2127;Q;Despatx;Despatx;;;;;;17,0;17
QC/2129;Q;Despatx;Despatx;;;;;;30,0;30
QC/2131;Q;Despatx;Despatx;;;;;;16,0;16
QC/2137;Q;Despatx;Despatx;;;;;;17,0;17
QC/2163;Q;Despatx;Despatx;;;;;;35,0;35
QC/2165;Q;Despatx;Despatx;;;;;;17,0;17
QC/3002;Q;Despatx;Despatx;;;;;;35,0;35
QC/3003;Q;Despatx;Despatx;;;;;;17,0;17
QC/3006;Q;Despatx;Despatx;;;;;;35,0;35
QC/3007;Q;Despatx;Despatx;;;;;;18,0;18
QC/3009;Q;Despatx;Despatx;;;;;;18,0;18
QC/3011;Q;Despatx;Despatx;;;;;;18,0;18
QC/3013;Q;Despatx;Despatx;;;;;;18,0;18
QC/3015;Q;Despatx;Despatx;;;;;;18,0;18
QC/3016;Q;Despatx;Despatx docent;;;;;;17,0;17
QC/3017;Q;Despatx;Despatx;;;;;;18,0;18
QC/3018;Q;Despatx;Despatx;;;;;;18,0;18
QC/3020;Q;Despatx;Despatx;;;;;;18,0;18
QC/3021;Q;Despatx;Despatx;;;;;;18,0;18
QC/3022;Q;Despatx;Despatx;;;;;;18,0;18
QC/3024;Q;Despatx;Despatx;;;;;;18,0;18
QC/3025;Q;Despatx;Despatx;;;;;;18,0;18
QC/3026;Q;Despatx;Despatx;;;;;;18,0;18
QC/3027;Q;Despatx;Despatx;;;;;;18,0;18
QC/3028;Q;Despatx;Despatx;;;;;;18,0;18
QC/3029;Q;Despatx;Despatx;;;;;;18,0;18
QC/3030;Q;Despatx;Despatx;;;;;;18,0;18
QC/3031;Q;Despatx;Despatx;;;;;;18,0;18
QC/3032;Q;Despatx;Despatx;;;;;;18,0;18
QC/3033;Q;Despatx;Despatx;;;;;;18,0;18
QC/3034;Q;Despatx;Despatx;;;;;;18,0;18
QC/3035;Q;Despatx;Despatx;;;;;;18,0;18
QC/3036;Q;Despatx;Despatx;;;;;;18,0;18
QC/3037;Q;Despatx;Direcció dept Eng. Electronica;;;;;;18,0;18
QC/3038;Q;Despatx;Despatx;;;;;;18,0;18
QC/3039;Q;Despatx;Despatx;;;;;;18,0;18
QC/3040;Q;Despatx;Despatx;;;;;;18,0;18
QC/3041;Q;Despatx;Despatx;;;;;;18,0;18
QC/3043;Q;Despatx;Despatx;;;;;;18,0;18
QC/3044;Q;Despatx;Despatx;;;;;;18,0;18
QC/3045;Q;Despatx;Despatx;;;;;;18,0;18
QC/3048;Q;Despatx;Despatx;;;;;;18,0;18
QC/3050;Q;Despatx;Despatx;;;;;;34,0;34
QC/3052;Q;Despatx;Despatx;;;;;;32,0;32
QC/3055;Q;Despatx;Despatx;;;;;;17,0;17
QC/3056;Q;Despatx;Despatx Impressores;;;;;;4,0;4
QC/3059;Q;Despatx;Despatx;;;;;;17,0;17
QC/3076;Q;Despatx;Despatx;;;;;;16,0;16
QC/3082;Q;Despatx;Despatx;;;;;;18,0;18
QC/3091A;Q;Despatx;Despatx;;;;;;30,0;30
QC/3091B;Q;Despatx;Despatx;;;;;;35,0;35
QC/3093A;Q;Despatx;Despatx;;;;;;30,0;30
QC/3093B;Q;Despatx;Despatx;;;;;;35,0;35
QC/3095;Q;Despatx;Secretaria;;;;;;17,0;17
QC/3097;Q;Despatx;Despatx;;;;;;17,0;17
QC/3099;Q;Despatx;Despatx;;;;;;17,0;17
QC/3101A;Q;Despatx;Despatx;;;;;;17,0;17
QC/3101B;Q;Despatx;Despatx;;;;;;68,0;68
QC/3101C;Q;Despatx;Sala de becaris;;;;;;34,0;34
QC/3103;Q;Despatx;Despatx;;;;;;17,0;17
QC/3105;Q;Despatx;Despatx;;;;;;17,0;17
QC/3107;Q;Despatx;Guest Room;;;;;;1,0;1
QC/3109A;Q;Despatx;Despatx;;;;;;16,0;16
QC/3109B;Q;Despatx;Despatx;;;;;;16,0;16
QC/3109C;Q;Despatx;Despatx;;;;;;36,0;36
QC/3113D;Q;Despatx;Despatx becaris i personal de diferents departaments;;;;;;33,6;210
;;;;;;;;;21,0;
;;;;;;;;;46,2;
;;;;;;;;;33,6;
;;;;;;;;;21,0;
;;;;;;;;;33,6;
;;;;;;;;;21,0;
QP/0004;Q;Despatx;Despatx;;;;;;16,0;16
QC/0026;Q;Laboratoris de recerca;OpenLabs;;;;;;25,0;25
QC/0038;Q;Laboratoris de recerca;Sala bruta Openlabs;;;;;;40,0;40
QC/0067;Q;Laboratoris de recerca;Laboratori de recerca;;;;;;68,0;68
QC/0069;Q;Laboratoris de recerca;Laboratori de recerca;;;;;;35,0;35
QC/0071;Q;Laboratoris de recerca;Laboratori dAnàlisi Instrumental;;;;;;12,0;12
QC/0073;Q;Laboratoris de recerca;Laboratori de recerca;;;;;;17,0;17
QC/0075;Q;Laboratoris de recerca;Laboratori de recerca;;;;;;35,0;35
QC/0077;Q;Laboratoris de recerca;Laboratori de recerca;;;;;;17,0;17
QC/0079;Q;Laboratoris de recerca;Laboratori de recerca;;;;;;34,0;34
QC/0081;Q;Laboratoris de recerca;Laboratori de recerca;;;;;;17,0;17
QC/0083;Q;Laboratoris de recerca;Laboratori de recerca;;;;;;17,0;17
QC/0085;Q;Laboratoris de recerca;Laboratori de recerca;;;;;;17,0;17
QC/0087;Q;Laboratoris de recerca;Laboratori de recerca;;;;;;17,0;17
QC/0087.1;Q;Laboratoris de recerca;Laboratori de recerca;;;;;;16,0;16
QC/0087.5;Q;Laboratoris de recerca;Laboratori de recerca;;;;;;13,0;13
QC/0089;Q;Laboratoris de recerca;Laboratori de recerca;;;;;;35,0;35
QC/0107;Q;Laboratoris de recerca;Laboratori de recerca;;;;;;35,0;35
QC/0109;Q;Laboratoris de recerca;Laboratori de recerca;;;;;;17,0;17
QC/0111;Q;Laboratoris de recerca;Laboratori de recerca;;;;;;35,0;35
QC/0113;Q;Laboratoris de recerca;Laboratori de recerca;;;;;;63,0;63
QC/0113.1;Q;Laboratoris de recerca;Cambres;;;;;;9,0;9
QC/0113.3;Q;Laboratoris de recerca;Cambres;;;;;;9,0;9
QC/1031;Q;Laboratoris de recerca;Laboratori de receca;;;;;;36,0;36
QC/1033;Q;Laboratoris de recerca;Lab. de recerca B;;;;;;36,0;36
QC/1043;Q;Laboratoris de recerca;Laboratori;;;;;;34,0;34
QC/2011;Q;Laboratoris de recerca;Laboratori A. Turing;;;;;;18,0;18
QC/2053;Q;Laboratoris de recerca;Laboratori;;;;;;18,0;18
QC/2057;Q;Laboratoris de recerca;Laboratori;;;;;;18,0;18
QC/2059;Q;Laboratoris de recerca;Laboratori;;;;;;35,0;35
QC/2061;Q;Laboratoris de recerca;Laboratori;;;;;;36,0;36
QC/2082;Q;Laboratoris de recerca;Laboratori 1;;;;;;36,0;36
QC/2090;Q;Laboratoris de recerca;Laboratori 2;;;;;;89,0;89
QC/2099;Q;Laboratoris de recerca;Laboratori docent;;;;;;30,0;30
QC/2101;Q;Laboratoris de recerca;Laboratoriisional I.C.N.;;;;;;30,0;30
QC/2121;Q;Laboratoris de recerca;Laboratori Kleinrock;Utilitzen la porta QC/2125.;;;;;30,0;30
QC/2135;Q;Laboratoris de recerca;Laboratori docent;;;;;;16,0;16
QC/2149;Q;Laboratoris de recerca;Laboratori de recerca;La porta d'accés (n'hi ha tres) és la QC/2157;;;;;52,0;52
QC/2155;Q;Laboratoris de recerca;Laboratori docent;;;;;;51,0;51
QC/2161;Q;Laboratoris de recerca;Laboratori docent;;;;;;17,0;17
QC/3010;Q;Laboratoris de recerca;Laboratori Projectes;;;;;;36,0;36
QC/3047;Q;Laboratoris de recerca;Laboratori;;;;;;36,0;36
QC/3078;Q;Laboratoris de recerca;Laboratori Clúster;;;;;;18,0;18
QP/0002;Q;Laboratoris de recerca;Cambra fosca;;;;;;8,0;8
QP/0003;Q;Laboratoris de recerca;Laboratori de recerca;;;;;;75,0;75
QP/0003.1;Q;Laboratoris de recerca;Laboratori;;;;;;6,0;6
QP/0003.2;Q;Laboratoris de recerca;Autoclau;;;;;;17,0;17
QP/0003.3;Q;Laboratoris de recerca;Cambra fosca;;;;;;15,0;15
QP/0005;Q;Laboratoris de recerca;Laboratori de recerca;;;;;;64,0;64
QP/0005.1;Q;Laboratoris de recerca;Laboratori de recerca;;;;;;17,0;17
QP/0005.2;Q;Laboratoris de recerca;Laboratori de recerca;;;;;;16,0;16
QP/0006;Q;Laboratoris de recerca;Laboratori de recerca;;;;;;67,0;67
QP/0007.1;Q;Laboratoris de recerca;Sala de control;;;;;;14,0;14
QP/0007.2;Q;Laboratoris de recerca;Sala de control;;;;;;10,0;10
QP/0008;Q;Laboratoris de recerca;Laboratori de recerca;;;;;;72,0;72
QP/0008.2;Q;Laboratoris de recerca;Laboratori de recerca;;;;;;6,0;6
QP/0008.3;Q;Laboratoris de recerca;Laboratori de recerca;;;;;;5,0;5
QP/0008.4;Q;Laboratoris de recerca;Laboratori de recerca;;;;;;16,0;16
QP/0009.2;Q;Laboratoris de recerca;Laboratori de recerca;;;;;;22,0;22
QP/0009.3;Q;Laboratoris de recerca;Laboratori de recerca;;;;;;18,0;18
QP/0009.5;Q;Laboratoris de recerca;Laboratori de recerca;;;;;;51,0;51
QP/0009.6;Q;Laboratoris de recerca;Laboratori de recerca;;;;;;17,0;17
QC/1039;Q;Sala d'equips informàtics;Sala d`equips informatics;;;;;;4,0;4
QC/1078;Q;Sala d'equips informàtics;Sala d`equips informatics;;;;;;18,0;18
QC/1081.1;Q;Sala d'equips informàtics;Server;;;;;;4,0;4
Q1/0015;Q;Sala d'equips informàtics;Sala de servidors;;;;;;8,0;8
QC/2055;Q;Taller o planta de producció;Taller;;;;;;18,0;18
Q2/0003;Q;Sala d'estudis;Sala d`estudis (dues portes);;;;;;106,0;106
Q6/1011;Q;Sala d'estudis;Sala de silenci (sala d'estudis);;;;;;76,0;76
Q6/1014;Q;Sala d'estudis;Sala de treball 1;"Equipament: TV 55"", pc de sobretaula, webcam, taula i 4 cadires";;;;;7,0;7
Q6/1014.A;Q;Sala d'estudis;Sala de treball 2;"Equipament: TV 55"", pc sobretaula amb webcam, taula i 4 cadires";;;;;7,0;7
Q6/1015;Q;Sala d'estudis;Sala de treball 3;"Equipament: TV 55"", pc sobretaula, webcam, taula i 4 cadires";;;;;7,0;7
QC/0016;Q;Arxiu;Arxiu Gaisl;;;;;;24,0;24
QC/0036;Q;Arxiu;Arxiu ETSE;;;;;;14,0;14
QA/0001;Q;Ascensors;Ascensor cos central;;;;;;4,0;4
QA/0002;Q;Ascensors;Ascensor cos central;;;;;;4,0;4
QA/0003;Q;Ascensors;Asc.cos ctral./esq.Banc Santan;;;;;;4,0;4
QA/0004;Q;Ascensors;Asc.cos ctral./dreta Direcció;;;;;;4,0;4
QA/0006;Q;Ascensors;Asc.cos ctral./dreta E.Quimica;;;;;;4,0;4
QA/1000;Q;Ascensors;Ascensor Espina 1;;;;;;4,0;4
QA/2000;Q;Ascensors;Ascensor Espina 2;;;;;;4,0;4
QA/3000;Q;Ascensors;Ascensor Espina 3;;;;;;4,0;4
QA/4000;Q;Ascensors;Ascensor Espina 4;;;;;;4,0;4
QA/5000;Q;Ascensors;Ascensor Espina 5;;;;;;4,0;4
QA/6000;Q;Ascensors;Ascensor Espina 6;;;;;;4,0;4
QC/0008;Q;Espais administratius i serveis;Gestió Acadèmica i Suport Log.;;;;;;115,0;115
QC/0013;Q;Espais administratius i serveis;Gestió Econòmica;;;;;;33,0;33
QC/0013.1;Q;Espais administratius i serveis;Gestió Econòmica (despatx);;;;;;17,0;17
QC/0017;Q;Espais administratius i serveis;Despatx Administrador/a centre;;;;;;27,0;27
QC/0018;Q;Espais administratius i serveis;Depatx Gestora Gaisl;;;;;;13,0;13
QC/0020;Q;Espais administratius i serveis;Consell d'Estudiants;;;;;;31,0;31
QC/0020.1;Q;Espais administratius i serveis;Consell d'Estudiats (despatx);;;;;;10,0;10
QC/0020.2;Q;Espais administratius i serveis;Consell d'Estudiats (despatx);;;;;;10,0;10
QC/0023;Q;Espais administratius i serveis;Secretaria Admin. Centre;;;;;;27,0;27
QC/1041;Q;Espais administratius i serveis;Secretaria de departament;;;;;;36,0;36
QC/2024;Q;Espais administratius i serveis;U. Integral Suport Adm. Dept.;;;;;;36,0;36
QC/3019;Q;Espais administratius i serveis;Sala de fotocòpies;;;;;;6,0;6
QC/3023;Q;Espais administratius i serveis;Secretaria departament;;;;;;30,0;30
QC/3086;Q;Espais administratius i serveis;Espais d`Adm i Ser.;;;;;;18,0;18
QC/-1018;Q;Cablatge intern/extern;RACK - servei comunicacions;;;;;;12,0;12
QC/2058;Q;Cablatge intern/extern;Cablatge;;;;;;8,0;8
Q/000;Q;Cablatge intern/extern;Ubicació cablatge;;;;;;1,0;1
Q5/0002;Q;Cablatge intern/extern;Cablatge;;;;;;6,0;6
QC/2007;Q;Espais exteriors;Pati de ventilació;;;;;;13,0;13
QC/3080;Q;Espais exteriors;Pati de ventilació;;;;;;6,0;6
Q/0X1;Q;Espais exteriors;Espais exteriors ETSE;;;;;;1,0;1
Q/0X2;Q;Espais exteriors;Teulada;;;;;;1,0;1
QC/0039;Q;Lavabos;Lavabos d`homes;;;;;;15,0;15
QC/0045;Q;Lavabos;Lavabos de dones;;;;;;19,0;19
QC/0097;Q;Lavabos;Lavabos d`homes;;;;;;16,0;16
QC/0103;Q;Lavabos;Lavabos de dones;;;;;;13,0;13
QC/0103.1;Q;Lavabos;Lavabo de minusvàlids;;;;;;4,0;4
QC/-1024;Q;Lavabos;Lavabos mixtes;;;;;;9,0;9
QC/1057;Q;Lavabos;Lavabos de dones;;;;;;16,0;16
QC/1060;Q;Lavabos;Vestíbul lavabos mixtes;;;;;;3,0;3
QC/1062;Q;Lavabos;Lavabos de dones (2 portes int;;;;;;11,0;11
QC/1065;Q;Lavabos;Lavabos d`homes;;;;;;18,0;18
QC/1068;Q;Lavabos;Lavabos d`homes;;;;;;11,0;11
QC/1125;Q;Lavabos;Lavabos d`homes;;;;;;15,0;15
QC/1127;Q;Lavabos;Lavabos de dones;;;;;;19,0;19
QC/2066;Q;Lavabos;Lavabos de dones;;;;;;11,0;11
QC/2071;Q;Lavabos;Lavabos d`homes;;;;;;12,0;12
QC/2072;Q;Lavabos;Lavabos d`homes;;;;;;11,0;11
QC/2079;Q;Lavabos;Lavabos de dones;;;;;;16,0;16
QC/2141;Q;Lavabos;lavabos;;;;;;15,0;15
QC/2141.1;Q;Lavabos;Lavabos;;;;;;1,0;1
QC/2141.2;Q;Lavabos;Lavabos;;;;;;1,0;1
QC/2141.5;Q;Lavabos;labavos;;;;;;1,0;1
QC/2143;Q;Lavabos;lavabos;;;;;;11,0;11
QC/2143.1;Q;Lavabos;lavabos;;;;;;1,0;1
QC/2143.3;Q;Lavabos;lavabos;;;;;;1,0;1
QC/3062;Q;Lavabos;Lavabos de dones (2 portes);;;;;;11,0;11
QC/3065;Q;Lavabos;Lavabos d`homes;;;;;;17,0;17
QC/3068;Q;Lavabos;Lavabos d`homes;;;;;;12,0;12
QC/3073;Q;Lavabos;Lavabos de dones (2 portes);;;;;;13,0;13
QP/0011;Q;Lavabos;Lavabos;;;;;;5,0;5
QS/0004;Q;Lavabos;Vestíbul lavabos mixtes;;;;;;16,0;16
QS/0005;Q;Lavabos;Lavabos de dones;;;;;;10,0;10
QS/0010;Q;Lavabos;Vestíbul lavabo homes;;;;;;3,0;3
QS/0011;Q;Lavabos;Lavabos d`homes;;;;;;6,0;6
QS/0014;Q;Lavabos;Servei de neteja;;;;;;4,0;4
QS/0017;Q;Lavabos;Vestíbul lavabo homes/dones;;;;;;10,0;10
QS/0018;Q;Lavabos;Lavabos Dona;;;;;;6,0;6
QS/0019;Q;Lavabos;Lavabos d`home;;;;;;6,0;6
QS/0029;Q;Lavabos;Lavabos d`homes;;;;;;6,0;6
QS/0032;Q;Lavabos;Lavabos minusvàlids;;;;;;4,0;4
QS/0036;Q;Lavabos;Lavabos de dones;;;;;;10,0;10
QS/0041;Q;Lavabos;Lavabos d`homes;;;;;;8,0;8
QS/1004;Q;Lavabos;Vestíbul lavabos mixtes;;;;;;16,0;16
QS/1005;Q;Lavabos;Lav.dones(QS/1006-1007-1008-09;;;;;;10,0;10
QS/1010;Q;Lavabos;Vestíbul lavabo homes;;;;;;3,0;3
QS/1011;Q;Lavabos;Lavabos d`homes;;;;;;9,0;9
QS/1014;Q;Lavabos;Servei de neteja;;;;;;4,0;4
QS/1015;Q;Lavabos;Vestíbul lavabos mixtes;;;;;;16,0;16
QS/1016;Q;Lavabos;Lavabos de dones;;;;;;10,0;10
QS/1021;Q;Lavabos;Lavabos d`homes;;;;;;12,0;12
QS/1025;Q;Lavabos;Lavabos minusvàlids;;;;;;4,0;4
QS/1027;Q;Lavabos;Vestíbul lavabos mixtes;;;;;;15,0;15
QS/1028;Q;Lavabos;Lavabos de dones;;;;;;10,0;10
QS/1033;Q;Lavabos;Lavabos d`homes + accés minusv;;;;;;3,0;3
QS/1034;Q;Lavabos;Lavabos d`homes;;;;;;9,0;9
QS/1037;Q;Lavabos;Lavabos minusvàlids;;;;;;4,0;4
QS/1040;Q;Lavabos;Lavabos de dones;;;;;;10,0;10
QS/1045;Q;Lavabos;Lavabos d`homes;;;;;;10,0;10
Q5/0000;Q;Lavabos;Lavabos minusvàlids;;;;;;4,0;4
Q5/0001;Q;Lavabos;Abocador;;;;;;3,0;3
Q5/1001;Q;Lavabos;Lavabos de dones;;;;;;17,0;17
Q5/2000;Q;Lavabos;Lavabos d`homes;;;;;;17,0;17
Q6/0004;Q;Lavabos;Lavabos minusvàlids;;;;;;4,0;4
Q6/1002;Q;Lavabos;Lavabos dones;;;;;;17,0;17
Q6/2001;Q;Lavabos;Lavabos d`homes (entrada);;;;;;17,0;17
QC/0005;Q;Magatzem;Magatzem GAIS;;;;;;22,0;22
QC/0005.1;Q;Magatzem;Magatzem Openlabs;;;;;;11,0;11
QC/0057;Q;Magatzem;Magatzem (productes neteja);;;;;;10,0;10
QC/0101;Q;Magatzem;Magatzem;;;;;;3,0;3
QC/-1014;Q;Magatzem;Magatzem GAISL;;;;;;29,0;29
QC/-1030;Q;Magatzem;Magatzem (productes neteja);;;;;;6,0;6
QC/2089;Q;Magatzem;Magatzem Microelectrònica;;;;;;13,0;13
QC/3083;Q;Magatzem;Magatzem;;;;;;12,0;12
QP/0012;Q;Magatzem;Magatzem;;;;;;68,0;68
QP/0014;Q;Magatzem;Armari exterior;;;;;;2,0;2
QP/0020;Q;Magatzem;Edifici Residus;;;;;;22,0;22
QP/0020.1;Q;Magatzem;Edifici residus annexe;;;;;;18,0;18
Q/-1012;Q;Magatzem;Magatzem;;;;;;8,0;8
Q/-1017;Q;Magatzem;Magatzem;;;;;;10,0;10
Q/-1018;Q;Magatzem;Magatzem;;;;;;8,0;8
Q/-1021;Q;Magatzem;Magatzem (deixalleria centre);;;;;;9,0;9
Q/-1023;Q;Magatzem;Magatzem;;;;;;9,0;9
QC/0059;Q;Menjadors i cuines offics;Menjador Dept. Eng. Quimica;;;;;;37,0;37
QC/-1034;Q;Menjadors i cuines offics;Menjador personal centre;;;;;;30,0;30
QC/2043;Q;Menjadors i cuines offics;Sala menjador ;;;;;;36,0;36
QC/3005.1;Q;Menjadors i cuines offics;Menjador ;;;;;;36,0;36
QC/3079;Q;Menjadors i cuines offics;menjador dep E.E.;;;;;;14,0;14
QC/0001;Q;Passadissos i escales;Accés al centre (sis portes);;;;;;1213,0;1213
QC/0009;Q;Passadissos i escales;Pas. Direcció-Administració;;;;;;109,0;109
QC/0022;Q;Passadissos i escales;Porta ferro accès de passadis;;;;;;43,0;43
QC/0024;Q;Passadissos i escales;Porta ferro accès de passadis;;;;;;16,0;16
QC/0037;Q;Passadissos i escales;Vestíbul escales pl. baixa;;;;;;65,0;65
QC/0065;Q;Passadissos i escales;Passadís;;;;;;67,0;67
QC/0093;Q;Passadissos i escales;Passadís;;;;;;31,0;31
QC/0099;Q;Passadissos i escales;Passadís;;;;;;39,0;39
QC/-1000;Q;Passadissos i escales;Passadissos (porta d`emergènci;;;;;;97,0;97
QC/1000;Q;Passadissos i escales;Passadissos;;;;;;75,0;75
QC/-1016;Q;Passadissos i escales;Passadísos;;;;;;6,0;6
QC/1055;Q;Passadissos i escales;Passadissos;;;;;;70,0;70
QC/1071;Q;Passadissos i escales;Passera;;;;;;269,0;269
QC/1074;Q;Passadissos i escales;Passadissos;;;;;;22,0;22
QC/1080;Q;Passadissos i escales;Pati de ventilació;;;;;;6,0;6
QC/1129;Q;Passadissos i escales;Passadís;;;;;;70,0;70
QC/2000;Q;Passadissos i escales;Passadissos;;;;;;73,0;73
QC/2001;Q;Passadissos i escales;Passadissos;;;;;;50,0;50
QC/2062;Q;Passadissos i escales;Passadissos;;;;;;52,0;52
QC/2067;Q;Passadissos i escales;Passadissos;;;;;;81,0;81
QC/2078;Q;Passadissos i escales;Passadissos;;;;;;12,0;12
QC/2093;Q;Passadissos i escales;Vestibul (porta talla-focs);;;;;;71,0;71
QC/2145;Q;Passadissos i escales;passadís;;;;;;28,0;28
QC/3000;Q;Passadissos i escales;Passadissos;;;;;;73,0;73
QC/3001;Q;Passadissos i escales;Passadissos;;;;;;49,0;49
QC/3005;Q;Passadissos i escales;Pati de ventilació;;;;;;12,0;12
QC/3058;Q;Passadissos i escales;Passadísos;;;;;;52,0;52
QC/3061;Q;Passadissos i escales;Passadissos;;;;;;81,0;81
QC/3074;Q;Passadissos i escales;Passadís;;;;;;8,0;8
QC/3087;Q;Passadissos i escales;Passadis;;;;;;71,0;71
QS/1001;Q;Passadissos i escales;Passadissos;;;;;;448,0;448
Q/0I1;Q;Passadissos i escales;Espais interiors ETSE;;;;;;1,0;1
Q1/0001;Q;Passadissos i escales;Pas. Aula Inf.+ Sala Graus;;;;;;132,0;132
Q/-1006;Q;Passadissos i escales;Passadís vestíbul;;;;;;20,0;20
Q1/1001;Q;Passadissos i escales;Passadís Aules Q1(1a. Planta);;;;;;133,0;133
Q2/0001;Q;Passadissos i escales;Pas.Lab.Int. + Sala d`Estudis;;;;;;137,0;137
Q2/1001;Q;Passadissos i escales;Passadís Aules Q2 (1a. Planta);;;;;;118,0;118
Q3/0001;Q;Passadissos i escales;Passadís Aules Q3 Planta Baixa;;;;;;133,0;133
Q3/1001;Q;Passadissos i escales;Passadís Aules Q3, Planta 1a;;;;;;130,0;130
Q4/0001;Q;Passadissos i escales;Passadís Aules Q4, Pl. Baixa;;;;;;134,0;134
Q4/1001;Q;Passadissos i escales;Passadís Aules Q4, Planta 1a.;;;;;;130,0;130
Q5/0005;Q;Passadissos i escales;Pas. i Escales (Por. Emer. Pl0;;;;;;67,0;67
Q5/1000;Q;Passadissos i escales;Pas,escalas,i accés a passera;;;;;;340,0;340
Q6/0001;Q;Passadissos i escales;Pas. i Escales (Porta d`Emer.);;;;;;66,0;66
Q6/1001;Q;Passadissos i escales;Passadís,escal i accés passera;;;;;;345,0;345
QC/0012;Q;Sala de màquines i instal·lacions;Control alarmes (també Qc/0006;;;;;;13,0;13
QC/0042;Q;Sala de màquines i instal·lacions;Quadre elèctric + pati vent.;;;;;;6,0;6
QC/0095;Q;Sala de màquines i instal·lacions;Sala maquines;;;;;;6,0;6
QC/-1020;Q;Sala de màquines i instal·lacions;Sala de màquines;;;;;;27,0;27
QC/-1022;Q;Sala de màquines i instal·lacions;Taller mant. i climatització;;;;;;18,0;18
QC/1069;Q;Sala de màquines i instal·lacions;Cablatge;;;;;;12,0;12
QC/1073;Q;Sala de màquines i instal·lacions;Pati instal·lacions;;;;;;4,0;4
QC/1077;Q;Sala de màquines i instal·lacions;Pati instal·lacions;;;;;;4,0;4
QC/1123;Q;Sala de màquines i instal·lacions;Pati instal·lacions;;;;;;5,0;5
QC/2084;Q;Sala de màquines i instal·lacions;Pati de ventilació;;;;;;6,0;6
QC/2091;Q;Sala de màquines i instal·lacions;pati instal.lacions;;;;;;4,0;4
QC/2095;Q;Sala de màquines i instal·lacions;Pati de ventilació;;;;;;4,0;4
QC/3081;Q;Sala de màquines i instal·lacions;Vestibul;;;;;;2,0;2
QC/3085;Q;Sala de màquines i instal·lacions;pati insta.lacions;;;;;;4,0;4
QP/0013;Q;Sala de màquines i instal·lacions;Sala maquines;;;;;;89,0;89
QP/0015;Q;Sala de màquines i instal·lacions;Armari gasos tècnics;;;;;;2,0;2
QP/0016;Q;Sala de màquines i instal·lacions;Armari gasos tècnics;;;;;;1,0;1
QP/0017;Q;Sala de màquines i instal·lacions;Armari gasos tècnics;;;;;;1,0;1
QP/0018;Q;Sala de màquines i instal·lacions;Armari gasos tècnics;;;;;;1,0;1
QP/0019;Q;Sala de màquines i instal·lacions;Armari gasos tècnics;;;;;;2,0;2
QS/0015;Q;Sala de màquines i instal·lacions;Pati de ventilacio i quadre el;;;;;;6,0;6
QS/0022;Q;Sala de màquines i instal·lacions;Pati ventilació;;;;;;6,0;6
QS/0022.1;Q;Sala de màquines i instal·lacions;Quadre elèctric;;;;;;2,0;2
QS/0033;Q;Sala de màquines i instal·lacions;Pati de ventilacio i quadre el;;;;;;6,0;6
QS/0044;Q;Sala de màquines i instal·lacions;Pati de ventilació;;;;;;6,0;6
QS/1003;Q;Sala de màquines i instal·lacions;Pati de ventilació;;;;;;13,0;13
QS/1014BIS;Q;Sala de màquines i instal·lacions;Pati de ventilació;;;;;;6,0;6
QS/1038;Q;Sala de màquines i instal·lacions;Pati de ventilació;;;;;;6,0;6
QS/1049;Q;Sala de màquines i instal·lacions;Pati de ventilació;;;;;;6,0;6
Q/-1007;Q;Sala de màquines i instal·lacions;Pati de ventilació;;;;;;13,0;13
Q/-1008;Q;Sala de màquines i instal·lacions;Quadres elèctrics;;;;;;19,0;19
Q/-1009;Q;Sala de màquines i instal·lacions;Cablatge;;;;;;15,0;15
Q/-1010;Q;Sala de màquines i instal·lacions;Caldera;;;;;;10,0;10
Q/-1011;Q;Sala de màquines i instal·lacions;Bomba Pressió;;;;;;5,0;5
Q/-1013;Q;Sala de màquines i instal·lacions;Pati de ventilació;;;;;;2,0;2
Q/-1014;Q;Sala de màquines i instal·lacions;Registre clavegueram;;;;;;8,0;8
Q/-1015;Q;Sala de màquines i instal·lacions;Pati de ventilació;;;;;;2,0;2
Q/-1016;Q;Sala de màquines i instal·lacions;Cablatge;;;;;;9,0;9
Q/-1019;Q;Sala de màquines i instal·lacions;Pati de ventilació;;;;;;2,0;2
Q/-1022;Q;Sala de màquines i instal·lacions;Cablatge;;;;;;12,0;12
Q6/0002;Q;Sala de màquines i instal·lacions;Cablatge;;;;;;6,0;6
Q6/0003;Q;Sala de màquines i instal·lacions;Cablatge;;;;;;3,0;3
QC/0021;Q;Vestíbuls i sales d'espera;Sala espera Adm. Centre;;;;;;8,0;8
QC/0025;Q;Vestíbuls i sales d'espera;Sala espera Secret. Adm.Centre;;;;;;8,0;8
QC/0031;Q;Vestíbuls i sales d'espera;Sala espera Secretar. Direccio;;;;;;8,0;8
QC/0063;Q;Vestíbuls i sales d'espera;Vestíbul (QP/0001, QP/0010);;;;;;181,0;181
QC/0087.3;Q;Vestíbuls i sales d'espera;Vestíbul;;;;;;4,0;4
QC/1001;Q;Vestíbuls i sales d'espera;vestibul;;;;;;80,0;80
QC/1058;Q;Vestíbuls i sales d'espera;Vestíbul;;;;;;49,0;49
QC/1075;Q;Vestíbuls i sales d'espera;Vestibul;;;;;;62,0;62
QC/1121;Q;Vestíbuls i sales d'espera;Vestíbul;;;;;;64,0;64
QC/2064;Q;Vestíbuls i sales d'espera;Vestíbul lavabos mixtes;;;;;;3,0;3
QC/2069;Q;Vestíbuls i sales d'espera;Vestíbul lavabos d`homes;;;;;;4,0;4
QC/2077;Q;Vestíbuls i sales d'espera;Vestíbul lavabos dones;;;;;;4,0;4
QC/2087;Q;Vestíbuls i sales d'espera;Vestíbul;;;;;;39,0;39
QC/2139;Q;Vestíbuls i sales d'espera;vestíbul;;;;;;44,0;44
QC/3060;Q;Vestíbuls i sales d'espera;Vestíbul lavabos mixtes;;;;;;3,0;3
QC/3063;Q;Vestíbuls i sales d'espera;Vestíbul lavabos d`homes;;;;;;4,0;4
QC/3071;Q;Vestíbuls i sales d'espera;Vestíbul lavabos dones;;;;;;4,0;4
QP/0007;Q;Vestíbuls i sales d'espera;Vestíbul(QP/0006.1/QP/0008.1);;;;;;7,0;7
QP/0009;Q;Vestíbuls i sales d'espera;Vestíbul;;;;;;3,0;3
QP/0009.1;Q;Vestíbuls i sales d'espera;Vestíbul;;;;;;7,0;7
QP/0009.4;Q;Vestíbuls i sales d'espera;Vestíbul;;;;;;2,0;2
QS/0023;Q;Vestíbuls i sales d'espera;Vestibul mixte;;;;;;15,0;15
QS/0028;Q;Vestíbuls i sales d'espera;Vestibul lavabo homes;;;;;;3,0;3
QS/0035;Q;Vestíbuls i sales d'espera;Vestíbul lavabos mixtes;;;;;;18,0;18
QS/1039;Q;Vestíbuls i sales d'espera;Vestíbul lavabos mixtes;;;;;;14,0;14
Q/-1000;Q;Vestíbuls i sales d'espera;Vestíbul (accés centre aparcam;;;;;;18,0;18
Q/-1002;Q;Vestíbuls i sales d'espera;Vestíbul (accés ascensors);;;;;;12,0;12
Q/-1005;Q;Vestíbuls i sales d'espera;Vestíbul;;;;;;135,0;135
QC/-1002;Q;Vestuaris;Vestidors homes(2 portes Int.);;;;;;12,0;12
QC/-1008;Q;Vestuaris;Vestidors homes(2 portes Int.);;;;;;11,0;11
QC/-1036;Q;Vestuaris;Vestidors dones(2 portes int.);;;;;;13,0;13
QC/-1042;Q;Vestuaris;Vestidor dones(2 portes Int.);;;;;;14,0;14
QP/0009.7;Q;Vestuaris;Vestuari;;;;;;4,0;4
QP/009.7;Q;Vestuaris;vestuari;;;;;;4,0;4
QC/0028;Q;Espais cedits i concessionaris;Habitació Banc Santander;;;;;;1,0;1
QC/1079;Q;Espais cedits i concessionaris;Fotocòpies;;;;;;5,0;5
Q/-1001;Q;Espais cedits i concessionaris;Bar cafeteria;;;;;;267,0;267
Q/-1003;Q;Espais cedits i concessionaris;Magatzem (bar cafeteria);;;;;;30,0;30
Q/-1004;Q;Espais cedits i concessionaris;Vestidor (personal cafeteria);;;;;;8,0;8
Q115/EM/08;Q;Càmara vídeo (EM/08);Videoconferència;;;;;;0,0;0
Q115/EM/15;Q;Canó projector (EM/15);Canó projectors portàtils;;;;;;0,0;0
Q115/EM/25;Q;Punter làser (EM/25);Punter làser;;;;;;0,0;0
Q115/EM/34;Q;Ordinador portàtil (EM/34);Portàtils;;;;;;0,0;0
Q115/EM/36;Q;Aigues (EM/36);Ampolles individuals d'aigua;;;;;;0,0;0
Q115/EM/37;Q;Catering (EM/37);Habilitar l'espai per a càtering;;;;;;0,0;0
Q115/EM/38;Q;Cadires (EM/38);Cadires;;;;;;0,0;0
Totals;;;;;;;;;19898;19898
