Ubicació;Edifici;Tipus de recurs;Descripció del recurs;Observacions;Accés per a minusvàlids;Aire condicionat;Capacitat exàmens;Capacitat;Capacitat docència;Connexió xarxa;Mobiliari;Pissarra;Porta secundària;Roseta xarxa núm.;Tarima;Telèfon núm.;Televisor;Vídeo;Característiques específiques;;Valor característiques específiques;;Centre gestor;Superfície Centre Gestor;Metres;
I/0044;I;Sala d'actes, reunions i juntes;Sala de reunions 44;;Sí;;;;23;;Taules i cadires;; ;I4-017/I4-018;;;;;Aire condicionat;;Sí;;Fac. CC. de la Comunicació;35,0;35;
;;;;;;;;;;;;;;;;;;;Connexió xarxa;;Sí;;;;;
;;;;;;;;;;;;;;;;;;;Connexió xarxa sense fil;;Sí;;;;;
;;;;;;;;;;;;;;;;;;;Ordinador;; ;;;;;
;;;;;;;;;;;;;;;;;;;Pissarra;; ;;;;;
;;;;;;;;;;;;;;;;;;;Telèfon núm.;;4478;;;;;
;;;;;;;;;;;;;;;;;;;Vídeo;; ;;;;;
I0/205A;I;Sala d'actes, reunions i juntes;Sala de Reunions;;Sí;;;;0;;Taules i cadires;; ; ;;;;;Aire condicionat;;Sí;;Dept. Period. Ciènc. Comunic.;4,4;22;
;;;;;;;;;;;;;;;;;;;Ordinador;; ;;;;;
;;;;;;;;;;;;;;;;;;;Pissarra;; ;;;;;
;;;;;;;;;;;;;;;;;;;Vídeo;; ;;;;;
;;;;;;;;;;;;;;;;;;;;;;;Fac. CC. de la Comunicació;4,4;;
;;;;;;;;;;;;;;;;;;;;;;;Dep. Com. Audio. i Publicitat;4,4;;
;;;;;;;;;;;;;;;;;;;;;;;Dep. Pub. RR.PP i Com. Audiov.;4,4;;
;;;;;;;;;;;;;;;;;;;;;;;Dept. Mitjans, Com. i Cult;4,4;;
I0/207D;I;Sala d'actes, reunions i juntes;Sala de Reunions;;Sí;;;;15;;Taula i cadires;; ; ;;;;;Aire condicionat;;Sí;;Dept. Period. Ciènc. Comunic.;30,0;30;
;;;;;;;;;;;;;;;;;;;Canó projecció fix;;Sí;;;;;
;;;;;;;;;;;;;;;;;;;Connexió xarxa;;Sí;;;;;
;;;;;;;;;;;;;;;;;;;Connexió xarxa sense fil;;Sí;;;;;
;;;;;;;;;;;;;;;;;;;Ordinador;;PC;;;;;
;;;;;;;;;;;;;;;;;;;Papelògraf;;Sí;;;;;
;;;;;;;;;;;;;;;;;;;Pissarra;;blanca -pantalla;;;;;
;;;;;;;;;;;;;;;;;;;Vídeo;; ;;;;;
I0/324;I;Sala d'actes, reunions i juntes;Sala de reunions del Deganat;;Sí;;;;15;;Taules i cadires;; ;Is-303;;;;;Aire condicionat;;Sí;;Fac. CC. de la Comunicació;28,0;28;
;;;;;;;;;;;;;;;;;;;Connexió xarxa;;Sí;;;;;
;;;;;;;;;;;;;;;;;;;Connexió xarxa sense fil;;Sí;;;;;
;;;;;;;;;;;;;;;;;;;Ordinador;;amb DVD - USB;;;;;
;;;;;;;;;;;;;;;;;;;Pantalla carril;;Sí;;;;;
;;;;;;;;;;;;;;;;;;;Pissarra;;blanca -pantalla;;;;;
;;;;;;;;;;;;;;;;;;;Vídeo;; ;;;;;
I0/330;I;Sala d'actes, reunions i juntes;Sala de Juntes;;No;;;;80;;Taules i cadires;;;;;;;;;;;;Fac. CC. de la Comunicació;108,0;108;
I0/334;I;Sala d'actes, reunions i juntes;Sala de Graus;;Sí;;;;70;;Cadires pala;; ;Is-325-301;;;;;Aire condicionat;;Sí;;Fac. CC. de la Comunicació;97,0;97;
;;;;;;;;;;;;;;;;;;;Canó projecció fix;;Sí;;;;;
;;;;;;;;;;;;;;;;;;;Connexió xarxa;;Sí;;;;;
;;;;;;;;;;;;;;;;;;;Connexió xarxa sense fil;;Sí;;;;;
;;;;;;;;;;;;;;;;;;;Megafonia;;Sí;;;;;
;;;;;;;;;;;;;;;;;;;Micròfons de taula;;Sí;;;;;
;;;;;;;;;;;;;;;;;;;Ordinador;;amb DVD - USB;;;;;
;;;;;;;;;;;;;;;;;;;Pantalla carril;;Sí;;;;;
;;;;;;;;;;;;;;;;;;;Pissarra;;blanca -pantalla;;;;;
;;;;;;;;;;;;;;;;;;;Vídeo;; ;;;;;
I1/010;I;Aula magna;Aula Magna;Capacitat a causa del covid-19: 47 persones ;;;124;;248;;Butaques;2= blanca i verda; ; ;Sí;;;VHS;Accés per a minusvàlids;;Sí;;Fac. CC. de la Comunicació;233,0;233;
;;;;;;;;;;;;;;;;;;;Canó projecció fix;;Sí;;;;;
;;;;;;;;;;;;;;;;;;;Connexió xarxa;;Sí;;;;;
;;;;;;;;;;;;;;;;;;;Connexió xarxa sense fil;;Sí;;;;;
;;;;;;;;;;;;;;;;;;;DVD;;Sí;;;;;
;;;;;;;;;;;;;;;;;;;Faristol;;Sí;;;;;
;;;;;;;;;;;;;;;;;;;Megafonia;;Sí;;;;;
;;;;;;;;;;;;;;;;;;;Micròfon de corbata;;Sí;;;;;
;;;;;;;;;;;;;;;;;;;Micròfon sense fils;;Sí;;;;;
;;;;;;;;;;;;;;;;;;;Ordinador;;portàtil;;;;;
;;;;;;;;;;;;;;;;;;;Pantalla fixa;;Sí;;;;;
I1/003;I;Aules docents;Aula 8;;Sí;;52;;105;Sí;Cadires pala;;;IA/034 a IA/037;;;;;Aire condicionat;;Sí;;Fac. CC. de la Comunicació;117,0;117;
;;;;;;;;;;;;;;;;;;;Canó projecció fix;;Sí;;;;;
;;;;;;;;;;;;;;;;;;;Connexió xarxa sense fil;;Sí;;;;;
;;;;;;;;;;;;;;;;;;;Minidisc;;Sí;;;;;
;;;;;;;;;;;;;;;;;;;Monitor d'ordinador;;Sí;;;;;
;;;;;;;;;;;;;;;;;;;Ordinador;;amb DVD - USB;;;;;
;;;;;;;;;;;;;;;;;;;Pantalla carril;;Sí;;;;;
;;;;;;;;;;;;;;;;;;;Pissarra;;verda -pantalla;;;;;
;;;;;;;;;;;;;;;;;;;Taules per a minusvàlids;;1;;;;;
;;;;;;;;;;;;;;;;;;;Vídeo;; ;;;;;
I1/007;I;Aules docents;Aula 7;;Sí;;52;;105;Sí;Cadires pala;;;IA/016 a IA/027;;;;;Aire condicionat;;Sí;;Fac. CC. de la Comunicació;117,0;117;
;;;;;;;;;;;;;;;;;;;Canó projecció fix;;Sí;;;;;
;;;;;;;;;;;;;;;;;;;Connexió xarxa sense fil;;Sí;;;;;
;;;;;;;;;;;;;;;;;;;Instal·lació informàtica;;Sí;;;;;
;;;;;;;;;;;;;;;;;;;Megafonia;;Sí;;;;;
;;;;;;;;;;;;;;;;;;;Micròfon de corbata;;Sí;;;;;
;;;;;;;;;;;;;;;;;;;Minidisc;;Sí;;;;;
;;;;;;;;;;;;;;;;;;;Monitor d'ordinador;;Sí;;;;;
;;;;;;;;;;;;;;;;;;;Ordinador;;amb DVD - USB;;;;;
;;;;;;;;;;;;;;;;;;;Pantalla carril;;Sí;;;;;
;;;;;;;;;;;;;;;;;;;Pissarra;;blanca -pantalla;;;;;
;;;;;;;;;;;;;;;;;;;Reproductor CD/casette;;Sí;;;;;
;;;;;;;;;;;;;;;;;;;Taules per a minusvàlids;;1;;;;;
;;;;;;;;;;;;;;;;;;;Vídeo;; ;;;;;
I1/011;I;Aules docents;Aula 6;;Sí;;38;;77;Sí;Bancs pupitres;;;IA/123 a IA/138;;;;;Aire condicionat;;Sí;;Fac. CC. de la Comunicació;88,0;88;
;;;;;;;;;;;;;;;;;;;Canó projecció fix;;Sí;;;;;
;;;;;;;;;;;;;;;;;;;Connexió xarxa sense fil;;Sí;;;;;
;;;;;;;;;;;;;;;;;;;Instal·lació informàtica;;Sí;;;;;
;;;;;;;;;;;;;;;;;;;Monitor d'ordinador;;Sí;;;;;
;;;;;;;;;;;;;;;;;;;Ordinador;;amb DVD - USB;;;;;
;;;;;;;;;;;;;;;;;;;Pantalla carril;;Sí;;;;;
;;;;;;;;;;;;;;;;;;;Pissarra;;verda -pantalla;;;;;
;;;;;;;;;;;;;;;;;;;Taules per a minusvàlids;;1;;;;;
;;;;;;;;;;;;;;;;;;;Vídeo;; ;;;;;
I1/015;I;Aules docents;Aula 5;;Sí;;37;;75;Sí;Bancs pupitres;;;IA/143 a IA/154;;;;;Aire condicionat;;Sí;;Fac. CC. de la Comunicació;88,0;88;
;;;;;;;;;;;;;;;;;;;Canó projecció fix;;Sí;;;;;
;;;;;;;;;;;;;;;;;;;Connexió xarxa sense fil;;Sí;;;;;
;;;;;;;;;;;;;;;;;;;Instal·lació informàtica;;Sí;;;;;
;;;;;;;;;;;;;;;;;;;Monitor d'ordinador;;Sí;;;;;
;;;;;;;;;;;;;;;;;;;Ordinador;;amb DVD - USB;;;;;
;;;;;;;;;;;;;;;;;;;Pantalla carril;;Sí;;;;;
;;;;;;;;;;;;;;;;;;;Pissarra;;verda -pantalla;;;;;
;;;;;;;;;;;;;;;;;;;Vídeo;;VHS;;;;;
I1/103;I;Aules docents;Aula 4;;Sí;;44;;88;Sí;Bancs pupitres;;;IA/001 IA/002;;;;;Canó projecció fix;;Sí;;Fac. CC. de la Comunicació;88,0;88;
;;;;;;;;;;;;;;;;;;;Connexió xarxa sense fil;;Sí;;;;;
;;;;;;;;;;;;;;;;;;;Instal·lació informàtica;;Sí;;;;;
;;;;;;;;;;;;;;;;;;;Monitor d'ordinador;;Sí;;;;;
;;;;;;;;;;;;;;;;;;;Ordinador;;amb DVD - USB;;;;;
;;;;;;;;;;;;;;;;;;;Pantalla fixa;;Sí;;;;;
;;;;;;;;;;;;;;;;;;;Pissarra;;verda -pantalla;;;;;
;;;;;;;;;;;;;;;;;;;Retroprojector;;Sí;;;;;
;;;;;;;;;;;;;;;;;;;Tarima;;Sí;;;;;
;;;;;;;;;;;;;;;;;;;Vídeo;;VHS;;;;;
I1/107;I;Aules docents;Aula 3;;Sí;;44;;88;Sí;Bancs pupitres;;;IA-003 i IA-004;;;;;Canó projecció fix;;Sí;;Fac. CC. de la Comunicació;88,0;88;
;;;;;;;;;;;;;;;;;;;Connexió xarxa sense fil;;Sí;;;;;
;;;;;;;;;;;;;;;;;;;Instal·lació informàtica;;Sí;;;;;
;;;;;;;;;;;;;;;;;;;Monitor d'ordinador;;Sí;;;;;
;;;;;;;;;;;;;;;;;;;Ordinador;;amb DVD - USB;;;;;
;;;;;;;;;;;;;;;;;;;Pantalla carril;;Sí;;;;;
;;;;;;;;;;;;;;;;;;;Pissarra;;verda -pantalla;;;;;
;;;;;;;;;;;;;;;;;;;Tarima;;Sí;;;;;
;;;;;;;;;;;;;;;;;;;Taules per a minusvàlids;;1;;;;;
;;;;;;;;;;;;;;;;;;;Vídeo;;VHS i BETA;;;;;
I1/109;I;Aules docents;Aula 2;;Sí;;40;;81;Sí;Bancs pupitres;;;IA-005 i IA-006;;;;;Canó projecció fix;;Sí;;Fac. CC. de la Comunicació;88,0;88;
;;;;;;;;;;;;;;;;;;;Connexió xarxa sense fil;;Sí;;;;;
;;;;;;;;;;;;;;;;;;;Instal·lació informàtica;;Sí;;;;;
;;;;;;;;;;;;;;;;;;;Monitor d'ordinador;;Sí;;;;;
;;;;;;;;;;;;;;;;;;;Ordinador;;amb DVD - USB;;;;;
;;;;;;;;;;;;;;;;;;;Pantalla fixa;;Sí;;;;;
;;;;;;;;;;;;;;;;;;;Pissarra;;verda -pantalla;;;;;
;;;;;;;;;;;;;;;;;;;Retroprojector;;Sí;;;;;
;;;;;;;;;;;;;;;;;;;Tarima;;Sí;;;;;
;;;;;;;;;;;;;;;;;;;Vídeo;;VHS;;;;;
I1/113;I;Aules docents;Aula 1;;Sí;;41;;83;Sí;Bancs pupitres;;;IA-007 IA-008;;;;;Canó projecció fix;;Sí;;Fac. CC. de la Comunicació;88,0;88;
;;;;;;;;;;;;;;;;;;;Connexió xarxa sense fil;;Sí;;;;;
;;;;;;;;;;;;;;;;;;;Instal·lació informàtica;;Sí;;;;;
;;;;;;;;;;;;;;;;;;;Monitor d'ordinador;;Sí;;;;;
;;;;;;;;;;;;;;;;;;;Ordinador;;amb DVD - USB;;;;;
;;;;;;;;;;;;;;;;;;;Pantalla carril;;Sí;;;;;
;;;;;;;;;;;;;;;;;;;Pissarra;;verda -pantalla;;;;;
;;;;;;;;;;;;;;;;;;;Tarima;;Sí;;;;;
;;;;;;;;;;;;;;;;;;;Vídeo;;VHS;;;;;
I2/106;I;Aules docents;Aula 10;;Sí;;15;;30;Sí;Cadires pala;;;I2-122 i I2-123;;;;;Aire condicionat;;Sí;;Fac. CC. de la Comunicació;36,0;36;
;;;;;;;;;;;;;;;;;;;Canó projecció fix;;Sí;;;;;
;;;;;;;;;;;;;;;;;;;Connexió xarxa sense fil;;Sí;;;;;
;;;;;;;;;;;;;;;;;;;Instal·lació informàtica;;Sí;;;;;
;;;;;;;;;;;;;;;;;;;Monitor d'ordinador;;Sí;;;;;
;;;;;;;;;;;;;;;;;;;Ordinador;;amb DVD - USB;;;;;
;;;;;;;;;;;;;;;;;;;Pantalla fixa;;Sí;;;;;
;;;;;;;;;;;;;;;;;;;Pissarra;;blanca -pantalla;;;;;
;;;;;;;;;;;;;;;;;;;Vídeo;; ;;;;;
I2/117;I;Aules docents;Aula 11;;Sí;;15;;30;No;Cadires pala;;; ;;;;;Canó projecció fix;;Sí;;Fac. CC. de la Comunicació;43,0;43;
;;;;;;;;;;;;;;;;;;;Ordinador;; ;;;;;
;;;;;;;;;;;;;;;;;;;Pissarra;;blanca -pantalla;;;;;
;;;;;;;;;;;;;;;;;;;Vídeo;; ;;;;;
I2/120;I;Aules docents;Aula 9;;Sí;;50;;100;Sí;Butaques amb pala;;; ;;;;;Canó projecció fix;;Sí;;Fac. CC. de la Comunicació;115,0;115;
;;;;;;;;;;;;;;;;;;;Instal·lació informàtica;;Sí;;;;;
;;;;;;;;;;;;;;;;;;;Ordinador;;amb DVD - USB;;;;;
;;;;;;;;;;;;;;;;;;;Pantalla carril;;Sí;;;;;
;;;;;;;;;;;;;;;;;;;Pissarra;;verda -pantalla;;;;;
;;;;;;;;;;;;;;;;;;;Vídeo;; ;;;;;
I1/002;I;Seminaris;Seminari 5;;No;No;12;;25;;Taules i cadires;;; ;;;;;Ordinador;; ;;Fac. CC. de la Comunicació;43,0;43;
;;;;;;;;;;;;;;;;;;;Pissarra;; ;;;;;
;;;;;;;;;;;;;;;;;;;Vídeo;; ;;;;;
I1/004;I;Seminaris;Seminari 4;;Sí;No;12;;25;;Taules i cadires;;;IA/ 115 IA/116;;;;;Canó projecció fix;;Sí;;Fac. CC. de la Comunicació;43,0;43;
;;;;;;;;;;;;;;;;;;;Connexió xarxa;;Sí;;;;;
;;;;;;;;;;;;;;;;;;;DVD;;Sí;;;;;
;;;;;;;;;;;;;;;;;;;Ordinador;;amb DVD - USB;;;;;
;;;;;;;;;;;;;;;;;;;Pantalla fixa;;Sí;;;;;
;;;;;;;;;;;;;;;;;;;Pissarra;;blanca -pantalla;;;;;
;;;;;;;;;;;;;;;;;;;Vídeo;;VHS;;;;;
I1/006;I;Seminaris;Seminari 3;;Sí;No;12;;25;;Taules i cadires;;;IA/115 i IA/116;;;;;Canó projecció fix;;Sí;;Fac. CC. de la Comunicació;43,0;43;
;;;;;;;;;;;;;;;;;;;Connexió xarxa;;Sí;;;;;
;;;;;;;;;;;;;;;;;;;Connexió xarxa sense fil;;Sí;;;;;
;;;;;;;;;;;;;;;;;;;DVD;;Sí;;;;;
;;;;;;;;;;;;;;;;;;;Ordinador;;amb DVD - USB;;;;;
;;;;;;;;;;;;;;;;;;;Pantalla fixa;;Sí;;;;;
;;;;;;;;;;;;;;;;;;;Pissarra;;blanca -pantalla;;;;;
;;;;;;;;;;;;;;;;;;;Vídeo;; ;;;;;
I1/008;I;Seminaris;Seminari 2;;Sí;No;12;;25;;Taules i cadires;;;IA/114 i IA/113;;;;;Canó projecció fix;;Sí;;Fac. CC. de la Comunicació;43,0;43;
;;;;;;;;;;;;;;;;;;;Connexió xarxa;;Sí;;;;;
;;;;;;;;;;;;;;;;;;;Connexió xarxa sense fil;;Sí;;;;;
;;;;;;;;;;;;;;;;;;;Ordinador;;amb DVD - USB;;;;;
;;;;;;;;;;;;;;;;;;;Pantalla fixa;;Sí;;;;;
;;;;;;;;;;;;;;;;;;;Pissarra;;blanca -pantalla;;;;;
;;;;;;;;;;;;;;;;;;;Vídeo;; ;;;;;
I1/026;I;Seminaris;Seminari 1;;Sí;No;12;;25;;Taules i cadires;;;IA/112 i IA/111;;;;;Canó projecció fix;;Sí;;Fac. CC. de la Comunicació;43,0;43;
;;;;;;;;;;;;;;;;;;;Connexió xarxa;;Sí;;;;;
;;;;;;;;;;;;;;;;;;;Connexió xarxa sense fil;;Sí;;;;;
;;;;;;;;;;;;;;;;;;;Ordinador;;amb DVD - USB;;;;;
;;;;;;;;;;;;;;;;;;;Pantalla fixa;;Sí;;;;;
;;;;;;;;;;;;;;;;;;;Pissarra;;blanca -pantalla;;;;;
;;;;;;;;;;;;;;;;;;;Vídeo;; ;;;;;
I1/021;I;Aules informàtiques;Aula Informatitzada 6;;No;Sí;31;;31;;Taules i cadires;; ; ;;;;;Impressora;; ;;Fac. CC. de la Comunicació;117,0;117;
;;;;;;;;;;;;;;;;;;;Ordinador;;PC;;;;;
;;;;;;;;;;;;;;;;;;;Pissarra;;blanca -pantalla;;;;;
;;;;;;;;;;;;;;;;;;;Vídeo;; ;;;;;
I1/027;I;Aules informàtiques;Aula Informatitzada 5;;Sí;Sí;15;;31;;Taules i cadires;; ; ;;;;;Connexió xarxa;;Sí;;Fac. CC. de la Comunicació;89,0;89;
;;;;;;;;;;;;;;;;;;;Connexió xarxa sense fil;;Sí;;;;;
;;;;;;;;;;;;;;;;;;;Impressora;; ;;;;;
;;;;;;;;;;;;;;;;;;;Instal·lació informàtica;;Sí;;;;;
;;;;;;;;;;;;;;;;;;;Ordinador;;amb DVD - USB;;;;;
;;;;;;;;;;;;;;;;;;;Ordinadors (nombre);;31;;;;;
;;;;;;;;;;;;;;;;;;;Pissarra;;verda -pantalla;;;;;
;;;;;;;;;;;;;;;;;;;Vídeo;; ;;;;;
I1/030;I;Aules informàtiques;Aula Informatitzada 7;;Sí;Sí;7;;15;;Taules i cadires;; ; ;;;;;Connexió xarxa;;Sí;;Fac. CC. de la Comunicació;43,0;43;
;;;;;;;;;;;;;;;;;;;Connexió xarxa sense fil;;Sí;;;;;
;;;;;;;;;;;;;;;;;;;Impressora;; ;;;;;
;;;;;;;;;;;;;;;;;;;Instal·lació informàtica;;Sí;;;;;
;;;;;;;;;;;;;;;;;;;Ordinador;;amb DVD - USB;;;;;
;;;;;;;;;;;;;;;;;;;Ordinadors (nombre);;15;;;;;
;;;;;;;;;;;;;;;;;;;Pissarra;;verda -pantalla;;;;;
;;;;;;;;;;;;;;;;;;;Vídeo;; ;;;;;
I1/032;I;Aules informàtiques;Aula Informatitzada 8;;No;Sí;15;;15;;Taules i cadires;; ; ;;;;;Impressora;; ;;Fac. CC. de la Comunicació;43,0;43;
;;;;;;;;;;;;;;;;;;;Ordinador;;PC;;;;;
;;;;;;;;;;;;;;;;;;;Pissarra;;blanca -pantalla;;;;;
;;;;;;;;;;;;;;;;;;;Vídeo;; ;;;;;
I1/108;I;Aules informàtiques;Aula Informatitzada 4;;Sí;Sí;15;;30;;Taules i cadires;; ; ;;;;;Connexió xarxa;;Sí;;Fac. CC. de la Comunicació;81,0;81;
;;;;;;;;;;;;;;;;;;;Connexió xarxa sense fil;;Sí;;;;;
;;;;;;;;;;;;;;;;;;;Impressora;; ;;;;;
;;;;;;;;;;;;;;;;;;;Instal·lació informàtica;;Sí;;;;;
;;;;;;;;;;;;;;;;;;;Ordinador;;amb DVD - USB;;;;;
;;;;;;;;;;;;;;;;;;;Ordinadors (nombre);;30;;;;;
;;;;;;;;;;;;;;;;;;;Pissarra;;blanca -pantalla;;;;;
;;;;;;;;;;;;;;;;;;;Vídeo;; ;;;;;
I1/114;I;Aules informàtiques;Aula Informatitzada 3;;Sí;Sí;15;;30;;Taules i cadires;; ; ;;;;;Impressora;; ;;Fac. CC. de la Comunicació;81,0;81;
;;;;;;;;;;;;;;;;;;;Instal·lació informàtica;;Sí;;;;;
;;;;;;;;;;;;;;;;;;;Ordinador;;amb DVD - USB;;;;;
;;;;;;;;;;;;;;;;;;;Pissarra;;blanca -pantalla;;;;;
;;;;;;;;;;;;;;;;;;;Vídeo;; ;;;;;
I1/117;I;Aules informàtiques;Aula Informatitzada 2;;Sí;Sí;15;;31;;Taules i cadires;; ; ;;;;;Connexió xarxa;;Sí;;Fac. CC. de la Comunicació;81,0;81;
;;;;;;;;;;;;;;;;;;;Connexió xarxa sense fil;;Sí;;;;;
;;;;;;;;;;;;;;;;;;;Impressora;; ;;;;;
;;;;;;;;;;;;;;;;;;;Instal·lació informàtica;;Sí;;;;;
;;;;;;;;;;;;;;;;;;;Ordinador;;amb DVD - USB;;;;;
;;;;;;;;;;;;;;;;;;;Ordinadors (nombre);;31;;;;;
;;;;;;;;;;;;;;;;;;;Pissarra;;verda -pantalla;;;;;
;;;;;;;;;;;;;;;;;;;Vídeo;; ;;;;;
I1/121;I;Aules informàtiques;Aula Informatitzada 1;;Sí;Sí;20;;41;;Taules i cadires;; ; ;;;;;Connexió xarxa;;Sí;;Fac. CC. de la Comunicació;81,0;81;
;;;;;;;;;;;;;;;;;;;Connexió xarxa sense fil;;Sí;;;;;
;;;;;;;;;;;;;;;;;;;Impressora;; ;;;;;
;;;;;;;;;;;;;;;;;;;Ordinador;;amb DVD - USB;;;;;
;;;;;;;;;;;;;;;;;;;Ordinadors (nombre);;31;;;;;
;;;;;;;;;;;;;;;;;;;Pissarra;;verda -pantalla;;;;;
;;;;;;;;;;;;;;;;;;;Vídeo;; ;;;;;
I2/025;I;Aules informàtiques;Aula Informatitzada 10;;Sí;Sí;17;;34;;Taules i cadires;; ; ;;;;;Connexió xarxa;;Sí;;Fac. CC. de la Comunicació;95,0;95;
;;;;;;;;;;;;;;;;;;;Connexió xarxa sense fil;;Sí;;;;;
;;;;;;;;;;;;;;;;;;;Gravadores de DVD;;Sí;;;;;
;;;;;;;;;;;;;;;;;;;Impressora;; ;;;;;
;;;;;;;;;;;;;;;;;;;Instal·lació informàtica;;Sí;;;;;
;;;;;;;;;;;;;;;;;;;Ordinador;;amb DVD - USB;;;;;
;;;;;;;;;;;;;;;;;;;Ordinadors (nombre);;24;;;;;
;;;;;;;;;;;;;;;;;;;Pissarra;;verda -pantalla;;;;;
;;;;;;;;;;;;;;;;;;;Vídeo;; ;;;;;
I2/101;I;Aules informàtiques;Aula Informatitzada 9;;Sí;Sí;20;;20;;Taules i cadires;; ;I2/103;;;;;Canó projecció fix;;Sí;;Fac. CC. de la Comunicació;119,0;119;
;;;;;;;;;;;;;;;;;;;Connexió xarxa;;Sí;;;;;
;;;;;;;;;;;;;;;;;;;Impressora;; ;;;;;
;;;;;;;;;;;;;;;;;;;Instal·lació informàtica;;Sí;;;;;
;;;;;;;;;;;;;;;;;;;Ordinador;;amb DVD - USB;;;;;
;;;;;;;;;;;;;;;;;;;Ordinadors (nombre);;20;;;;;
;;;;;;;;;;;;;;;;;;;Pantalla fixa;;Sí;;;;;
;;;;;;;;;;;;;;;;;;;Pissarra;;blanca -pantalla;;;;;
;;;;;;;;;;;;;;;;;;;Vídeo;; ;;;;;
I2/005;I;Laboratoris docents;Avid;;No;No;8;;8;;Taula i cadires;;;;;;;;;;;;Fac. CC. de la Comunicació;42,0;42;
I2/005.10;I;Laboratoris docents;Avid-10;;No;No;8;;8;;Taules i cadires;;;;;;;;;;;;Fac. CC. de la Comunicació;12,0;12;
I2/005.7;I;Laboratoris docents;Avid-7;;No;No;8;;8;;Taules i cadires;;;;;;;;;;;;Fac. CC. de la Comunicació;11,0;11;
I2/005.8;I;Laboratoris docents;Avid-8;;Sí;Sí;8;;8;;Taula i cadires;; ; ;;;;;Connexió xarxa;;Sí;;Fac. CC. de la Comunicació;12,0;12;
;;;;;;;;;;;;;;;;;;;Ordinador;;amb DVD - USB;;;;;
;;;;;;;;;;;;;;;;;;;Ordinadors (nombre);;1;;;;;
;;;;;;;;;;;;;;;;;;;Pissarra;; ;;;;;
I2/005.9;I;Laboratoris docents;Avid-9;;No;No;8;;8;;Taules i cadires;;;;;;;;;;;;Fac. CC. de la Comunicació;12,0;12;
I2/023;I;Laboratoris docents;Avid;;Sí;Sí;8;;8;;Taula i cadires;; ; ;;;;;Connexió xarxa;;Sí;;Fac. CC. de la Comunicació;33,0;33;
;;;;;;;;;;;;;;;;;;;Ordinador;;amb DVD - USB;;;;;
;;;;;;;;;;;;;;;;;;;Ordinadors (nombre);;1;;;;;
;;;;;;;;;;;;;;;;;;;Pissarra;; ;;;;;
I2/023.1;I;Laboratoris docents;Avid.1;;No;No;8;;8;;Taules i cadires;;;;;;;;;;;;Fac. CC. de la Comunicació;10,0;10;
I2/023.2;I;Laboratoris docents;Avid-2;;No;No;8;;8;;Taules i cadires;;;;;;;;;;;;Fac. CC. de la Comunicació;10,0;10;
I2/023.3;I;Laboratoris docents;Avid-3;;No;No;8;;8;;Taules i cadires;;;;;;;;;;;;Fac. CC. de la Comunicació;8,0;8;
I2/023.4;I;Laboratoris docents;Avid-4;;No;No;8;;8;;Taules i cadires;;;;;;;;;;;;Fac. CC. de la Comunicació;8,0;8;
I2/023.5;I;Laboratoris docents;Avid-5;;No;No;8;;8;;Taules i cadires;;;;;;;;;;;;Fac. CC. de la Comunicació;8,0;8;
I2/023.6;I;Laboratoris docents;Avid-6;;No;No;8;;8;;Taules i cadires;;;;;;;;;;;;Fac. CC. de la Comunicació;8,0;8;
I2/104;I;Laboratoris docents;Fotografia ampliadores;;No;No;;;10;;Varis;;;;;;;;;;;;Fac. CC. de la Comunicació;27,0;27;
I2/112;I;Laboratoris docents;Plató Fotografia 1;;No;No;;;20;;Varis;;;;;;;;;;;;Fac. CC. de la Comunicació;57,0;57;
I2/114;I;Laboratoris docents;Plató fotografia 2;;No;No;;;10;;Varis;;;;;;;;;;;;Fac. CC. de la Comunicació;35,0;35;
I2/002;I;Laboratoris RTV;Estudi de ràdio 1;;No;No;27;;54;;Grades;;; ;;;;;;;;;Fac. CC. de la Comunicació;84,0;84;
I2/006;I;Laboratoris RTV;Estudi de continuÏtat 1;;Sí;No;4;;4;;Taula i cadires;;; ;;;;;Connexió xarxa;;Sí;;Fac. CC. de la Comunicació;10,0;10;
;;;;;;;;;;;;;;;;;;;DVD;;Sí;;;;;
I2/007;I;Laboratoris RTV;Dalet 1;;Sí;No;25;;25;;Taula i cadires;;; ;;;;;Connexió xarxa;;Sí;;Fac. CC. de la Comunicació;46,0;46;
I2/007A;I;Laboratoris RTV;Cabina de so;;Sí;No;1;;1;;Taula i cadires;;; ;;;;;Connexió xarxa;;Sí;;Fac. CC. de la Comunicació;2,0;2;
I2/008;I;Laboratoris RTV;Control de continuÏtat 1;;Sí;No;4;;4;;Taules i cadires;;; ;;;;;Connexió xarxa;;Sí;;Fac. CC. de la Comunicació;7,0;7;
I2/009;I;Laboratoris RTV;Plató 0;;Sí;Sí;10;;10;;Cap;;; ;;;;;Connexió xarxa;;Sí;;Fac. CC. de la Comunicació;15,0;15;
I2/010;I;Laboratoris RTV;Control realització Ràdio 1;;Sí;No;20;;20;;Taula i cadires;;; ;;;;;Connexió xarxa;;Sí;;Fac. CC. de la Comunicació;33,0;33;
I2/011;I;Laboratoris RTV;Dalet 2;;Sí;No;25;;25;;Taula i cadires;;; ;;;;;Connexió xarxa;;Sí;;Fac. CC. de la Comunicació;40,0;40;
I2/011A;I;Laboratoris RTV;Cabina de so;;Sí;No;1;;1;;Taula i cadires;;; ;;;;;Connexió xarxa;;Sí;;Fac. CC. de la Comunicació;2,0;2;
I2/016;I;Laboratoris RTV;Estudi de ràdio 2;;No;No;27;;54;;Grades;;; ;;;;;;;;;Fac. CC. de la Comunicació;84,0;84;
I2/020;I;Laboratoris RTV;Estudi de ràdio 3;;No;No;24;;49;;Grades;;; ;;;;;;;;;Fac. CC. de la Comunicació;84,0;84;
I2/024;I;Laboratoris RTV;Estudi de continuÏtat 3;;Sí;No;4;;4;;Taules i cadires;;; ;;;;;Connexió xarxa;;Sí;;Fac. CC. de la Comunicació;10,0;10;
I2/026;I;Laboratoris RTV;Control de continuÏtat 3;;No;No;4;;4;;Taules i cadires;;; ;;;;;;;;;Fac. CC. de la Comunicació;7,0;7;
I2/028;I;Laboratoris RTV;Control realització Ràdio 3;;Sí;No;20;;20;;Taula i cadires;;; ;;;;;Connexió xarxa;;Sí;;Fac. CC. de la Comunicació;33,0;33;
I2/030;I;Laboratoris RTV;Control realització Ràdio 2;;Sí;No;20;;20;;Taula i cadires;;; ;;;;;Connexió xarxa;;Sí;;Fac. CC. de la Comunicació;33,0;33;
I2/032;I;Laboratoris RTV;Control de continuÏtat 2;;Sí;No;4;;4;;Taules i cadires;;; ;;;;;Connexió xarxa;;Sí;;Fac. CC. de la Comunicació;7,0;7;
I2/034;I;Laboratoris RTV;Estudi de continuÏtat 2;;Sí;No;4;;4;;Taules i cadires;;; ;;;;;Connexió xarxa;;Sí;;Fac. CC. de la Comunicació;10,0;10;
I2/042;I;Laboratoris RTV;Control realització TV1;;Sí;No;12;;12;;Taula i cadires;;; ;;;;;Connexió xarxa;;Sí;;Fac. CC. de la Comunicació;34,0;34;
I2/044;I;Laboratoris RTV;Plató TV1;;Sí;No;50;;100;;Grades;;; ;;;;;Connexió xarxa;;Sí;;Fac. CC. de la Comunicació;118,0;118;
I2/050;I;Laboratoris RTV;Plató TV2;;Sí;No;55;;111;;Grades;;; ;;;;;Connexió xarxa;;Sí;;Fac. CC. de la Comunicació;118,0;118;
I2/052;I;Laboratoris RTV;Control realització TV2;;Sí;No;12;;12;;Taula i cadires;;; ;;;;;Connexió xarxa;;Sí;;Fac. CC. de la Comunicació;34,0;34;
I2/054;I;Laboratoris RTV;Control realització TV3;;Sí;No;12;;12;;Taula i cadires;;; ;;;;;Connexió xarxa;;Sí;;Fac. CC. de la Comunicació;34,0;34;
I2/056;I;Laboratoris RTV;Plató TV3;;Sí;No;25;;50;;Varis;;; ;;;;;Connexió xarxa;;Sí;;Fac. CC. de la Comunicació;155,0;155;
I2/119;I;Laboratoris RTV;Redacció Integrada UAB Campus Media;;Sí;Sí;24;;24;;Taules i cadires;;; ;;;;;Connexió xarxa;;Sí;;Fac. CC. de la Comunicació;110,0;110;
I2/119.1;I;Laboratoris RTV;Estudi de Ràdio UAB Campus Media;;Sí;Sí;6;;6;;Altres;;; ;;;;;Connexió xarxa;;Sí;;Fac. CC. de la Comunicació;20,0;20;
I2/119.2;I;Laboratoris RTV;Sala de Control UAB Campus Media;;Sí;Sí;0;;0;;Altres;;; ;;;;;Connexió xarxa;;Sí;;Fac. CC. de la Comunicació;25,0;25;
I2/119.4;I;Laboratoris RTV;Plató de TV UAB Campus Media;;Sí;Sí;0;;0;;Altres;;; ;;;;;Connexió xarxa;;Sí;;Fac. CC. de la Comunicació;39,0;39;
I2/119.5;I;Laboratoris RTV;Camerino UAB Campus Media;;Sí;Sí;0;;0;;Altres;;; ;;;;;Connexió xarxa;;Sí;;Fac. CC. de la Comunicació;8,0;8;
I2/123B;I;Laboratoris RTV;Plató de UAB-Media;;Sí;No;30;;30;;Taules i cadires;;; ;;;;;Connexió xarxa;;Sí;;Fac. CC. de la Comunicació;40,0;40;
;;;;;;;;;;;;;;;;;;;DVD;;Sí;;;;;
I/0011;I;Despatx;Despatx d'Investigació;;;;;;;;;;;;;;;;;;;;Dept. Period. Ciènc. Comunic.;17,0;17;
I/0012;I;Despatx;Despatx de Professorat;;;;;;;;;;; ;;;;;;;;;Dep. Pub. RR.PP i Com. Audiov.;116,0;116;
I/0013;I;Despatx;Despatx de Professorat;;;;;;;;;;; ;;;;;;;;;Dept. Period. Ciènc. Comunic.;22,0;22;
I/0014;I;Despatx;Despatx de Professorat;;;;;;;;;;; ;;;;;;;;;Dep. Com. Audio. i Publicitat;107,0;107;
I/0015;I;Despatx;Despatx de Professorat;;;;;;;;;;; ;;;;;;;;;Dept. Period. Ciènc. Comunic.;22,0;22;
I/0016;I;Despatx;Despatx de Professorat;;;;;;;;;;; ;;;;;;;;;Fac. CC. de la Comunicació;17,0;17;
I/0017;I;Despatx;Despatx de Professorat;;;;;;;;;;; ;;;;;;;;;Dept. Period. Ciènc. Comunic.;16,0;16;
I/0018;I;Despatx;Despatx de Professorat;;;;;;;;;;; ;;;;;;;;;Dep. Pub. RR.PP i Com. Audiov.;12,0;12;
I/0019;I;Despatx;Despatx de Professorat;;;;;;;;;;; ;;;;;;;;;Dept. Period. Ciènc. Comunic.;23,0;23;
I/0021;I;Despatx;Despatx de Professorat;;;;;;;;;;; ;;;;;;;;;Dept. Period. Ciènc. Comunic.;16,0;16;
I/0022;I;Despatx;Despatx de Professorat;;;;;;;;;;; ;;;;;;;;;Fac. CC. de la Comunicació;27,0;27;
I/0023;I;Despatx;Despatx de Professorat;;;;;;;;;;; ;;;;;;;;;Dept. Period. Ciènc. Comunic.;16,0;16;
I/0024;I;Despatx;Despatx d'Investigació;;;;;;;;;;; ;;;;;;;;;Dep. Pub. RR.PP i Com. Audiov.;23,0;23;
I/0025;I;Despatx;Despatx de Professorat;;;;;;;;;;; ;;;;;;;;;Dept. Period. Ciènc. Comunic.;23,0;23;
I/0026;I;Despatx;Despatx d'Investigació;;;;;;;;;;; ;;;;;;;;;Dept. Period. Ciènc. Comunic.;23,0;23;
I/0035;I;Despatx;Despatx de Professorat;;;;;;;;;;;;;;;;;;;;Fac. CC. de la Comunicació;34,0;34;
I/0037;I;Despatx;Despatx d'Investigació;;;;;;;;;;;;;;;;;;;;Dep. Com. Audio. i Publicitat;23,0;23;
I/0039;I;Despatx;Despatx de Professorat;;;;;;;;;;;;;;;;;;;;Dep. Pub. RR.PP i Com. Audiov.;35,0;35;
I/0040;I;Despatx;Despatx de Professorat;;;;;;;;;;;;;;;;;;;;Dep. Pub. RR.PP i Com. Audiov.;59,0;59;
I/0042;I;Despatx;Despatx d'Investigació;;;;;;;;;;;;;;;;;;;;Dep. Pub. RR.PP i Com. Audiov.;35,0;35;
I/0043;I;Despatx;Despatx de Professorat;;;;;;;;;;;;;;;;;;;;Dept. Period. Ciènc. Comunic.;27,0;27;
I/0045;I;Despatx;Despatx de Professorat;;;;;;;;;;; ;;;;;;;;;Fac. CC. de la Comunicació;28,0;28;
I/0047;I;Despatx;Despatx d'Investigació;;;;;;;;;;; ;;;;;;;;;Dep. Pub. RR.PP i Com. Audiov.;27,0;27;
I/0049;I;Despatx;Despatx d'Investigació;;;;;;;;;;; ;;;;;;;;;Dept. Period. Ciènc. Comunic.;19,0;19;
I/0051;I;Despatx;Despatx Càtedra UNESCO;;;;;;;;;;; ;;;;;;;;;Adm. Ciències Comunicació;12,0;12;
I0/105;I;Despatx;Despatx de Professorat;;;;;;;;;;;;;;;;;;;;Dept. Period. Ciènc. Comunic.;26,0;26;
I0/106;I;Despatx;Despatx de Professorat;;;;;;;;;;;;;;;;;;;;Dep. Com. Audio. i Publicitat;26,0;26;
I0/107;I;Despatx;Despatx de Professorat;;;;;;;;;;;;;;;;;;;;Dept. Mitjans, Com. i Cult;25,0;25;
I0/108;I;Despatx;Despatx de Professorat;;;;;;;;;;;;;;;;;;;;Dep. Pub. RR.PP i Com. Audiov.;25,0;25;
I0/111;I;Despatx;Despatx de Professorat;;;;;;;;;;;;;;;;;;;;Dept. Mitjans, Com. i Cult;23,0;23;
I0/112;I;Despatx;Despatx de Professorat;;;;;;;;;;; ;;;;;;;;;Dep.Com.Audiov. i Pub.;23,0;23;
I0/113;I;Despatx;Despatx de Professorat;;;;;;;;;;;;;;;;;;;;Dept. Mitjans, Com. i Cult;22,0;22;
I0/114;I;Despatx;Despatx de Professorat;;;;;;;;;;; ;;;;;;;;;Dep. Pub. RR.PP i Com. Audiov.;23,0;23;
I0/115;I;Despatx;Despatx de Professorat;;;;;;;;;;;;;;;;;;;;Dept. Period. Ciènc. Comunic.;23,0;23;
I0/116;I;Despatx;Despatx de Professorat;;;;;;;;;;;;;;;;;;;;Dep. Com. Audio. i Publicitat;23,0;23;
I0/117;I;Despatx;Despatx de Professorat;;;;;;;;;;;;;;;;;;;;Dept. Period. Ciènc. Comunic.;23,0;23;
I0/118;I;Despatx;Despatx de Professorat;;;;;;;;;;;;;;;;;;;;Dep. Com. Audio. i Publicitat;23,0;23;
I0/121;I;Despatx;Despatx de Professorat;;;;;;;;;;;;;;;;;;;;Dept. Period. Ciènc. Comunic.;25,0;25;
I0/122;I;Despatx;Despatx de Professorat;;;;;;;;;;;;;;;;;;;;Dep. Com. Audio. i Publicitat;25,0;25;
I0/123;I;Despatx;Despatx de Professorat;;;;;;;;;;; ;;;;;;;;;Fac. CC. de la Comunicació;27,0;27;
I0/124;I;Despatx;Despatx de Professorat (Becaris);;;;;;;;;;;;;;;;;;;;Dep. Com. Audio. i Publicitat;27,0;27;
I0/212;I;Despatx;Despatx de Professorat;;;;;;;;;;; ;;;;;;;;;Dep. Pub. RR.PP i Com. Audiov.;24,0;24;
I0/214;I;Despatx;Despatx de Professorat;;;;;;;;;;;;;;;;;;;;Dep. Com. Audio. i Publicitat;23,0;23;
I0/216;I;Despatx;Despatx de Professorat;;;;;;;;;;; ;;;;;;;;;Dep. Com. Audio. i Publicitat;22,0;22;
I0/218;I;Despatx;Despatx de Professorat;;;;;;;;;;;;;;;;;;;;Dep. Com. Audio. i Publicitat;23,0;23;
I0/305;I;Despatx;Despatx de Professorat;;;;;;;;;;;;;;;;;;;;Fac. CC. de la Comunicació;26,0;26;
I0/306;I;Despatx;Despatx de Professorat;;;;;;;;;;;;;;;;;;;;Fac. CC. de la Comunicació;26,0;26;
I0/307;I;Despatx;Despatx de Professorat;;;;;;;;;;;;;;;;;;;;Dept. Period. Ciènc. Comunic.;24,0;24;
I0/308;I;Despatx;Despatx de Professorat;;;;;;;;;;; ;;;;;;;;;Dep. Com. Audio. i Publicitat;25,0;25;
I0/311;I;Despatx;Despatx de Professorat;;;;;;;;;;;;;;;;;;;;Dept. Mitjans, Com. i Cult;23,0;23;
I0/312;I;Despatx;Despatx de Professorat;;;;;;;;;;;;;;;;;;;;Dep. Com. Audio. i Publicitat;23,0;23;
I0/313;I;Despatx;Despatx de Professorat;;;;;;;;;;;;;;;;;;;;Dept. Mitjans, Com. i Cult;23,0;23;
I0/314;I;Despatx;Despatx d'Investigació;;;;;;;;;;;;;;;;;;;;Dep. Pub. RR.PP i Com. Audiov.;24,0;24;
I0/316;I;Despatx;Despatx de Professorat;;;;;;;;;;; ;;;;;;;;;Dep. Com. Audio. i Publicitat;3,0;3;
I0/317;I;Despatx;Despatx de Professorat;;;;;;;;;;;;;;;;;;;;Dept. Mitjans, Com. i Cult;24,0;24;
I0/318;I;Despatx;Despatx de Professorat;;;;;;;;;;;;;;;;;;;;Dep. Com. Audio. i Publicitat;24,0;24;
I0/319;I;Despatx;Despatx de Professorat;;;;;;;;;;;;;;;;;;;;Dept. Mitjans, Com. i Cult;26,0;26;
I0/322;I;Despatx;Despatx Professor;;;;;;;;;;;;;;;;;;;;Fac. CC. de la Comunicació;33,0;33;
I0/325B;I;Despatx;Despatx Administrador/a;;;;;;;;;;;;;;;;;;;;Adm. Ciències Comunicació;21,0;21;
I0/325C;I;Despatx;Despatx del gestor econòmic;;;;;;;;;;;;;;;;;;;;Fac. CC. de la Comunicació;14,0;14;
I0/329;I;Despatx;Despatx degà/degana;;;;;;;;;;;;;;;;;;;;Fac. CC. de la Comunicació;49,0;49;
I0/331;I;Despatx;Despatx vicedegans;;;;;;;;;;;;;;;;;;;;Fac. CC. de la Comunicació;27,0;27;
I0/333;I;Despatx;Despatx vicedegans;;;;;;;;;;;;;;;;;;;;Fac. CC. de la Comunicació;22,0;22;
I0/402;I;Despatx;Despatx de Professorat;;;;;;;;;;; ;;;;;;;;;Dep. Com. Audio. i Publicitat;19,0;19;
I0/403;I;Despatx;Despatx de Professorat;;;;;;;;;;;;;;;;;;;;Dept. Mitjans, Com. i Cult;12,0;12;
I0/404;I;Despatx;Despatx de Professorat;;;;;;;;;;;;;;;;;;;;Dep. Com. Audio. i Publicitat;12,0;12;
I0/407;I;Despatx;Despatx de Professorat;;;;;;;;;;;;;;;;;;;;Dept. Mitjans, Com. i Cult;23,0;23;
I0/408;I;Despatx;Despatx de Professorat;;;;;;;;;;; ;;;;;;;;;Dep. Com. Audio. i Publicitat;11,0;11;
I0/409;I;Despatx;Despatx de Professorat;;;;;;;;;;;;;;;;;;;;Dept. Mitjans, Com. i Cult;23,0;23;
I0/410;I;Despatx;Despatx de Professorat;;;;;;;;;;; ;;;;;;;;;Dep. Com. Audio. i Publicitat;23,0;23;
I0/411;I;Despatx;Despatx de Professorat;;;;;;;;;;;;;;;;;;;;Fac. CC. de la Comunicació;24,0;24;
I0/412;I;Despatx;Despatx de Professorat;;;;;;;;;;; ;;;;;;;;;Dep. Com. Audio. i Publicitat;13,0;13;
I0/414;I;Despatx;Despatx de Professorat;;;;;;;;;;; ;;;;;;;;;Fac. CC. de la Comunicació;13,0;13;
I0/415;I;Despatx;Despatx de Professorat;;;;;;;;;;;;;;;;;;;;Dept. Mitjans, Com. i Cult;12,0;12;
I0/416;I;Despatx;Despatx de Professorat;;;;;;;;;;; ;;;;;;;;;Dep. Com. Audio. i Publicitat;23,0;23;
I0/418;I;Despatx;Despatx de Professorat;;;;;;;;;;; ;;;;;;;;;Dep. Com. Audio. i Publicitat;11,0;11;
I0/422;I;Despatx;Despatx de Professorat;;;;;;;;;;; ;;;;;;;;;Dep. Com. Audio. i Publicitat;11,0;11;
I0/424;I;Despatx;Despatx de Professorat;;;;;;;;;;; ;;;;;;;;;Dep. Com. Audio. i Publicitat;19,0;19;
I1/028;I;Despatx;Despatx d'Investigació;;;;;;;;;;; ;;;;;;;;;Dep. Pub. RR.PP i Com. Audiov.;43,0;43;
I1/112;I;Despatx;Sala de control;;;;;;;;;;;;;;;;;;;;Fac. CC. de la Comunicació;80,0;80;
I1/119A;I;Despatx;Control d'Aula Informatitzada 2;;;;;;;;;;;;;;;;;;;;Fac. CC. de la Comunicació;13,0;13;
I2/014;I;Despatx;Despatx Professors-Laboratoris;;;;;;;;;;;;;;;;;;;;Fac. CC. de la Comunicació;29,0;29;
I2/103A;I;Despatx;Despatx d`investigació;;;;;;;;;;;;;;;;;;;;Fac. CC. de la Comunicació;11,0;11;
I2/103B;I;Despatx;Despatx d`investigació;;;;;;;;;;;;;;;;;;;;Fac. CC. de la Comunicació;12,0;12;
I2/103C;I;Despatx;Despatx d`investigació;;;;;;;;;;;;;;;;;;;;Fac. CC. de la Comunicació;15,0;15;
I2/103D;I;Despatx;Despatx d`investigació;;;;;;;;;;;;;;;;;;;;Fac. CC. de la Comunicació;11,0;11;
I2/103E;I;Despatx;Despatx d`investigació;;;;;;;;;;;;;;;;;;;;Fac. CC. de la Comunicació;11,0;11;
I2/107;I;Despatx;Despatx;;;;;;;;;;;;;;;;;;;;Fac. CC. de la Comunicació;24,0;24;
I2/107.1;I;Despatx;Despatx;;;;;;;;;;;;;;;;;;;;Fac. CC. de la Comunicació;17,0;17;
I2/109;I;Despatx;Despatx;;;;;;;;;;;;;;;;;;;;Adm. Ciències Comunicació;15,0;15;
I2/115;I;Despatx;Despatx;;;;;;;;;;;;;;;;;;;;Fac. CC. de la Comunicació;15,0;15;
I2/040;I;Laboratoris de recerca;Radiofònic workshop;;;;;;;;;;;;;;;;;;;;Fac. CC. de la Comunicació;32,0;32;
I2/040A;I;Laboratoris de recerca;Radiofónic Workshop;;;;;;;;;;;;;;;;;;;;Fac. CC. de la Comunicació;10,0;10;
I2/102;I;Laboratoris de recerca;Fotografia ampliadora;;;;;;;;;;;;;;;;;;;;Fac. CC. de la Comunicació;23,0;23;
I1/025A;I;Sala d'equips informàtics;Servidors PC 3;;;;;;;;;;; ;;;No;;;;;;Fac. CC. de la Comunicació;13,0;13;
I1/025B;I;Sala d'equips informàtics;Control PC 3;;;;;;;;;;; ;;;No;;;;;;Fac. CC. de la Comunicació;13,0;13;
I1/110A;I;Sala d'equips informàtics;Control d'Aula Informatitzada 4;;;;;;;;;;;;;;No;;;;;;Fac. CC. de la Comunicació;16,0;16;
I1/121A;I;Sala d'equips informàtics;Control d'Aula Informatitzada 1;;;;;;;;;;;;;;No;;;;;;Fac. CC. de la Comunicació;13,0;13;
I2/025C;I;Sala d'equips informàtics;nucli comunicacions-Servidors;;;;;;;;;;;;;;No;;;;;;Fac. CC. de la Comunicació;15,0;15;
I2/012;I;Taller o planta de producció;Taller laboratoris;;;;;;;;;;;;;;;;;;;;Fac. CC. de la Comunicació;33,0;33;
I0/311A;I;Sala d'estudis;Sala d'Estudis;;;;;;;;;;; ;;;;;;;;;Fac. CC. de la Comunicació;25,0;25;
I0/311B;I;Sala d'estudis;Sala d'Estudis;;;;;;;;;;; ;;;;;;;;;Fac. CC. de la Comunicació;29,0;29;
I0/207A;I;Arxiu;Arxiu /Revista Anàlisis;;;;;;;;;;;;;;;;;;;;Dept. Period. Ciènc. Comunic.;16,0;16;
I0/211;I;Arxiu;Arxiu;;;;;;;;;;;;;;;;;;;;Fac. CC. de la Comunicació;58,0;58;
I0/327;I;Arxiu;Despatx arxiu;;;;;;;;;;;;;;;;;;;;Adm. Ciències Comunicació;22,0;22;
I/0005;I;Ascensors;Espai ascensor;;;;;;;;;;;;;;;;;;;;Fac. CC. de la Comunicació;3,0;3;
I/0008;I;Ascensors;Espai ascensor;;;;;;;;;;;;;;;;;;;;Fac. CC. de la Comunicació;3,0;3;
I0/332;I;Ascensors;ascensor;;;;;;;;;;;;;;;;;;;;Fac. CC. de la Comunicació;4,0;4;
I0/102B;I;Espais administratius i serveis;Espai de connexió a la xarxa;;;;;;;;;;; ;;;;;;;;;Fac. CC. de la Comunicació;3,0;3;
I0/139;I;Espais administratius i serveis;Local d'Estudiants;;;;;;;;;;;;;;;;;;;;Fac. CC. de la Comunicació;16,0;16;
I0/205C;I;Espais administratius i serveis;Secretaria de Departament;;;;;;;;;;;;;;;;;;;;Dep. Com. Audio. i Publicitat;22,0;22;
I0/205E;I;Espais administratius i serveis;Direcció de Departament;;;;;;;;;;;;;;;;;;;;Dep. Com. Audio. i Publicitat;24,0;24;
I0/205F;I;Espais administratius i serveis;Despatx de vicedirectors;;;;;;;;;;;;;;;;;;;;Dep. Com. Audio. i Publicitat;10,0;10;
I0/205G;I;Espais administratius i serveis;Despatx de vicedirectors;;;;;;;;;;;;;;;;;;;;Dep. Com. Audio. i Publicitat;10,0;10;
I0/206;I;Espais administratius i serveis;Secretaria de Departament;;;;;;;;;;;;;;;;;;;;Dept. Mitjans, Com. i Cult;27,0;27;
I0/207C;I;Espais administratius i serveis;Direcció de Departament;;;;;;;;;;;;;;;;;;;;Dept. Period. Ciènc. Comunic.;22,0;22;
I0/207E;I;Espais administratius i serveis;Secretaria de Departament;;;;;;;;;;;;;;;;;;;;Dept. Period. Ciènc. Comunic.;23,0;23;
I0/208;I;Espais administratius i serveis;Direcció de Departament;;;;;;;;;;;;;;;;;;;;Dept. Mitjans, Com. i Cult;25,0;25;
I0/209;I;Espais administratius i serveis;Gestió Acadèmica;;;;;;;;;;;;;;;;;;;;Fac. CC. de la Comunicació;103,0;103;
I0/209A;I;Espais administratius i serveis;Despatx Cap de la Gestió Acadèmica;;;;;;;;;;;;;;;;;;;;Fac. CC. de la Comunicació;16,0;16;
I0/222;I;Espais administratius i serveis;Direcció de Departament;;;;;;;;;;;;;;;;;;;;Dep. Pub. RR.PP i Com. Audiov.;25,0;25;
I0/224;I;Espais administratius i serveis;Secretaria de Departament;;;;;;;;;;;;;;;;;;;;Dep. Pub. RR.PP i Com. Audiov.;27,0;27;
I0/228;I;Espais administratius i serveis;Suport Logístic i Punt d'Informació;;;;;;;;;;;;;;;;;;;;Fac. CC. de la Comunicació;17,0;17;
I0/228A;I;Espais administratius i serveis;Suport Logístic i Punt d'Informació;;;;;;;;;;;;;;;;;;;;Fac. CC. de la Comunicació;30,0;30;
I0/230A;I;Espais administratius i serveis;Despatx Cap del Suport Logístic i Punt d'Informació;;;;;;;;;;;;;;;;;;;;Fac. CC. de la Comunicació;18,0;18;
I0/234;I;Espais administratius i serveis;Despatx de Tècnics;;;;;;;;;;;;;;;;;;;;Fac. CC. de la Comunicació;27,0;27;
I0/323;I;Espais administratius i serveis;Despatx del Degà;;;;;;;;;;; ;;;;;;;;;Fac. CC. de la Comunicació;49,0;49;
I0/325;I;Espais administratius i serveis;Deganat/Administració;;;;;;;;;;;;;;;;;;;;Fac. CC. de la Comunicació;81,0;81;
I0/335;I;Espais administratius i serveis;Despatx Vice Degans;;;;;;;;;;;;;;;;;;;;Fac. CC. de la Comunicació;22,0;22;
I1/012B;I;Espais administratius i serveis;Sala de control de l'Aula Magna;;;;;6;;;;;; ;;;;;;;;;Adm. Ciències Comunicació;15,0;15;
I2/025B;I;Espais administratius i serveis;Despatx Informàtica;;;;;;;;;;;;;;;;;;;;Fac. CC. de la Comunicació;15,0;15;
I2/027;I;Espais administratius i serveis;Despatx informàtica;;;;;;;;;;;;;;;;;;;;Fac. CC. de la Comunicació;15,0;15;
I2/029;I;Espais administratius i serveis;Despatx;;;;;;;;;;;;;;;;;;;;Fac. CC. de la Comunicació;13,0;13;
I2/036;I;Espais administratius i serveis;Sala eng. Despatx tècnics;;;;;;;;;;;;;;;;;;;;Fac. CC. de la Comunicació;85,0;85;
I2/038;I;Espais administratius i serveis;Despatx cap Laboratoris;;;;;;;;;;;;;;;;;;;;Fac. CC. de la Comunicació;24,0;24;
I2/108;I;Espais administratius i serveis;Despatx d'Investigació;;;;;2;;;;;; ;;;;;;;;;Fac. CC. de la Comunicació;15,0;15;
I2/110;I;Espais administratius i serveis;Fotografia despatx;;;;;;;;;;;;;;;;;;;;Fac. CC. de la Comunicació;8,0;8;
I2/116;I;Espais administratius i serveis;Fotografia despatx del cap;;;;;;;;;;;;;;;;;;;;Fac. CC. de la Comunicació;16,0;16;
I/PATIP;I;Espais exteriors;Pati interior parell;;;;;;;;;;;;;;;;;;;;Fac. CC. de la Comunicació;31,0;31;
I/PATIS;I;Espais exteriors;Pati interior senar;;;;;;;;;;;;;;;;;;;;Fac. CC. de la Comunicació;31,0;31;
I/0033;I;Espais exteriors;Pati Exterior;;;;;;;;;;;;;;;;;;;;Fac. CC. de la Comunicació;32,0;32;
I/0038;I;Espais exteriors;Pati;;;;;;;;;;;;;;;;;;;;Fac. CC. de la Comunicació;68,0;68;
I/0007;I;Lavabos;Lavabo de minusvàlids;;;;;;;;;;;;;;;;;;;;Fac. CC. de la Comunicació;8,0;8;
I/0009;I;Lavabos;Lavabos mixtes;;;;;;;;;;;;;;;;;;;;Fac. CC. de la Comunicació;13,0;13;
I/0010;I;Lavabos;Lavabos mixtes de professorat;;;;;;;;;;;;;;;;;;;;Fac. CC. de la Comunicació;9,0;9;
I0/101;I;Lavabos;Lavabos d`homes ;;;;;;;;;;;;;;;;;;;;Fac. CC. de la Comunicació;5,0;5;
I0/102;I;Lavabos;Lavabos de dones;;;;;;;;;;;;;;;;;;;;Fac. CC. de la Comunicació;9,0;9;
I0/138;I;Lavabos;Lavabos de dones;;;;;;;;;;;;;;;;;;;;Fac. CC. de la Comunicació;16,0;16;
I0/140;I;Lavabos;Lavabos d`homes;;;;;;;;;;;;;;;;;;;;Fac. CC. de la Comunicació;16,0;16;
I0/142;I;Lavabos;Lavabos de Minusvàlids;;;;;;;;;;;;;;;;;;;;Fac. CC. de la Comunicació;16,0;16;
I0/201;I;Lavabos;Lavabos d`homes;;;;;;;;;;;;;;;;;;;;Fac. CC. de la Comunicació;9,0;9;
I0/202;I;Lavabos;Lavabos de dones;;;;;;;;;;;;;;;;;;;;Fac. CC. de la Comunicació;9,0;9;
I0/301;I;Lavabos;Lavabos d`homes;;;;;;;;;;;;;;;;;;;;Fac. CC. de la Comunicació;9,0;9;
I0/302;I;Lavabos;Lavabos de dones;;;;;;;;;;;;;;;;;;;;Fac. CC. de la Comunicació;9,0;9;
I0/330A;I;Lavabos;Lavabo homes;;;;;;;;;;;;;;;;;;;;Fac. CC. de la Comunicació;4,0;4;
I0/330B;I;Lavabos;Lavabo dones;;;;;;;;;;;;;;;;;;;;Fac. CC. de la Comunicació;5,0;5;
I0/330C;I;Lavabos;lavabos minusvàlids;;;;;;;;;;;;;;;;;;;;Fac. CC. de la Comunicació;3,0;3;
I1/009;I;Lavabos;Lavabos de dones;;;;;;;;;;;;;;;;;;;;Fac. CC. de la Comunicació;17,0;17;
I1/019;I;Lavabos;Lavabos d`homes;;;;;;;;;;;;;;;;;;;;Fac. CC. de la Comunicació;16,0;16;
I1/102;I;Lavabos;Lavabos de dones;;;;;;;;;;;;;;;;;;;;Fac. CC. de la Comunicació;26,0;26;
I1/106;I;Lavabos;Lavabos d`homes;;;;;;;;;;;;;;;;;;;;Fac. CC. de la Comunicació;21,0;21;
I2/013;I;Lavabos;Lavabos de dones;;;;;;;;;;;;;;;;;;;;Fac. CC. de la Comunicació;29,0;29;
I2/019;I;Lavabos;Lavabos d`homes;;;;;;;;;;;;;;;;;;;;Fac. CC. de la Comunicació;29,0;29;
I2/105;I;Lavabos;Lavabos de dones ;;;;;;;;;;;;;;;;;;;;Fac. CC. de la Comunicació;14,0;14;
I2/111;I;Lavabos;Lavabos d`homes ;;;;;;;;;;;;;;;;;;;;Fac. CC. de la Comunicació;14,0;14;
I2/113;I;Lavabos;Lavabos d`homes;;;;;;;;;;;;;;;;;;;;Fac. CC. de la Comunicació;14,0;14;
I/0036;I;Magatzem;Compactus;;;;;;;;;;;;;;;;;;;;Fac. CC. de la Comunicació;337,0;337;
I0/207B;I;Magatzem;Magatzem;;;;;;;;;;;;;;;;;;;;Dept. Period. Ciènc. Comunic.;4,0;4;
I0/226;I;Magatzem;Magatzem;;;;;;;;;;;;;;;;;;;;Fac. CC. de la Comunicació;6,0;6;
I2/003;I;Magatzem;magatzem;;;;;;;;;;;;;;;;;;;;Fac. CC. de la Comunicació;30,0;30;
I2/025A;I;Magatzem;Magatzem informàtica;;;;;;;;;;;;;;;;;;;;Fac. CC. de la Comunicació;7,0;7;
I2/042A;I;Magatzem;Magatzem de control;;;;;;;;;;;;;;;;;;;;Fac. CC. de la Comunicació;10,0;10;
I2/048;I;Magatzem;Attrezzo;;;;;;;;;;;;;;;;;;;;Adm. Ciències Comunicació;28,0;28;
I2/052A;I;Magatzem;Magatzem de control;;;;;;;;;;;;;;;;;;;;Fac. CC. de la Comunicació;10,0;10;
I2/054A;I;Magatzem;Magatzem de control;;;;;;;;;;;;;;;;;;;;Fac. CC. de la Comunicació;10,0;10;
I2/021;I;Menjadors i cuines offics;Menjador del PAS;;;;;;;;;;;;;;;;;;;;Fac. CC. de la Comunicació;84,0;84;
I0/ES01;I;Passadissos i escales;escales davant porta automàtic;;;;;;;;;;;;;;;;;;;;Fac. CC. de la Comunicació;19,0;19;
I0/ES11;I;Passadissos i escales;Escales planta 1 a 2 senar;;;;;;;;;;;;;;;;;;;;Fac. CC. de la Comunicació;11,0;11;
I0/ES12;I;Passadissos i escales;Escales planta 1 a 2 parell;;;;;;;;;;;;;;;;;;;;Fac. CC. de la Comunicació;11,0;11;
I0/ES13;I;Passadissos i escales;Escales costat del bar;;;;;;;;;;;;;;;;;;;;Fac. CC. de la Comunicació;25,0;25;
I0/ES14;I;Passadissos i escales;Escales interiors bar;;;;;;;;;;;;;;;;;;;;Fac. CC. de la Comunicació;16,0;16;
I0/ES15;I;Passadissos i escales;Escales interior sala calderes;;;;;;;;;;;;;;;;;;;;Fac. CC. de la Comunicació;16,0;16;
I0/ES21;I;Passadissos i escales;Escales planta 2 a 3 senar;;;;;;;;;;;;;;;;;;;;Fac. CC. de la Comunicació;12,0;12;
I0/ES22;I;Passadissos i escales;Escala planta 2 a 3 parell;;;;;;;;;;;;;;;;;;;;Fac. CC. de la Comunicació;12,0;12;
I0/ES23;I;Passadissos i escales;Escales accés deganat/adminis.;;;;;;;;;;;;;;;;;;;;Fac. CC. de la Comunicació;35,0;35;
I0/ES24;I;Passadissos i escales;Escales interiors G.Acadèmica;;;;;;;;;;;;;;;;;;;;Fac. CC. de la Comunicació;11,0;11;
I0/ES25;I;Passadissos i escales;Escales interiors SLIPI;;;;;;;;;;;;;;;;;;;;Fac. CC. de la Comunicació;11,0;11;
I0/ES31;I;Passadissos i escales;Escales accés ascensors senar;;;;;;;;;;;;;;;;;;;;Fac. CC. de la Comunicació;11,0;11;
I0/ES32;I;Passadissos i escales;Escales accés ascensors parell;;;;;;;;;;;;;;;;;;;;Fac. CC. de la Comunicació;11,0;11;
I0/ES33;I;Passadissos i escales;Escales interiors sales;;;;;;;;;;;;;;;;;;;;Fac. CC. de la Comunicació;16,0;16;
I0/ES34;I;Passadissos i escales;Escales interiors deganat;;;;;;;;;;;;;;;;;;;;Fac. CC. de la Comunicació;16,0;16;
I0/PAS0;I;Passadissos i escales;passadis planta 0;;;;;;;;;;;;;;;;;;;;Fac. CC. de la Comunicació;262,0;262;
I0/PAS1;I;Passadissos i escales;Passadis I0 planta 1a;;;;;;;;;;;;;;;;;;;;Fac. CC. de la Comunicació;29,0;29;
I0/PAS2;I;Passadissos i escales;passadis i0 planta 2a;;;;;;;;;;;;;;;;;;;;Fac. CC. de la Comunicació;530,0;530;
I0/PAS3;I;Passadissos i escales;passadis sala d`actes;;;;;;;;;;;;;;;;;;;;Fac. CC. de la Comunicació;62,0;62;
I0/PAS3BIS;I;Passadissos i escales;passadis i0 planta 3a;;;;;;;;;;;;;;;;;;;;Fac. CC. de la Comunicació;178,0;178;
I0/PAS4P;I;Passadissos i escales;Passadís I0 planta 4 parell;;;;;;;;;;;;;;;;;;;;Fac. CC. de la Comunicació;25,0;25;
I0/PAS4S;I;Passadissos i escales;Passadis I0 planta 4 senar;;;;;;;;;;;;;;;;;;;;Fac. CC. de la Comunicació;25,0;25;
I0/303;I;Passadissos i escales;Passadís ;;;;;;;;;;;;;;;;;;;;Fac. CC. de la Comunicació;72,0;72;
I0/304;I;Passadissos i escales;Passadís;;;;;;;;;;;;;;;;;;;;Fac. CC. de la Comunicació;72,0;72;
I1/ES01;I;Passadissos i escales;Escales anteriors aula magna;;;;;;;;;;;;;;;;;;;;Fac. CC. de la Comunicació;33,0;33;
I1/ES02;I;Passadissos i escales;Escales posteriors aula magna;;;;;;;;;;;;;;;;;;;;Fac. CC. de la Comunicació;33,0;33;
I1/PAS0;I;Passadissos i escales;Passadis aula magna;;;;;;;;;;;;;;;;;;;;Fac. CC. de la Comunicació;249,0;249;
I1/PAS1;I;Passadissos i escales;passadis cabina aula Magna;;;;;;;;;;;;;;;;;;;;Fac. CC. de la Comunicació;265,0;265;
I2/ES01;I;Passadissos i escales;Escales davant platós;;;;;;;;;;;;;;;;;;;;Fac. CC. de la Comunicació;33,0;33;
I2/ES02;I;Passadissos i escales;Escales davant estudis;;;;;;;;;;;;;;;;;;;;Fac. CC. de la Comunicació;33,0;33;
I2/PAS0;I;Passadissos i escales;Passadis plantes platós;;;;;;;;;;;;;;;;;;;;Fac. CC. de la Comunicació;776,0;776;
I2/PAS1;I;Passadissos i escales;Passadis estudis fotografia;;;;;;;;;;;;;;;;;;;;Fac. CC. de la Comunicació;350,0;350;
I2/1P1;I;Passadissos i escales;Passadissos a Fotografia;;;;;;;;;;;;;;;;;;;;Fac. CC. de la Comunicació;314,0;314;
I/0004;I;Sala de màquines i instal·lacions;Quadre elèctric ;;;;;;;;;;;;;;;;;;;;Fac. CC. de la Comunicació;2,0;2;
I/0027;I;Sala de màquines i instal·lacions;Espai de comunicacions;;;;;;;;;;;;;;;;;;;;Fac. CC. de la Comunicació;5,0;5;
I/0029;I;Sala de màquines i instal·lacions;Cambra d'instal·lacions;;;;;;;;;;;;;;;;;;;;Fac. CC. de la Comunicació;15,0;15;
I/0030;I;Sala de màquines i instal·lacions;Cambra d`instal·lacions;;;;;;;;;;;;;;;;;;;;Fac. CC. de la Comunicació;22,0;22;
I0/109;I;Sala de màquines i instal·lacions;Motor de calefacció;;;;;;;;;;;;;;;;;;;;Fac. CC. de la Comunicació;3,0;3;
I0/110;I;Sala de màquines i instal·lacions;Motor de calefacció;;;;;;;;;;;;;;;;;;;;Fac. CC. de la Comunicació;3,0;3;
I0/119;I;Sala de màquines i instal·lacions;Motor de calefacció;;;;;;;;;;;;;;;;;;;;Fac. CC. de la Comunicació;3,0;3;
I0/120;I;Sala de màquines i instal·lacions;Motor de calefacció;;;;;;;;;;;;;;;;;;;;Fac. CC. de la Comunicació;3,0;3;
I0/126;I;Sala de màquines i instal·lacions;Vestíbul d'Instal·lacions;;;;;;;;;;;;;;;;;;;;Fac. CC. de la Comunicació;11,0;11;
I0/126.1;I;Sala de màquines i instal·lacions;Sala de calderes;;;;;;;;;;;;;;;;;;;;Fac. CC. de la Comunicació;89,0;89;
I0/128;I;Sala de màquines i instal·lacions;Sala de Màquines i instal·lacions;;;;;;;;;;;;;;;;;;;;Fac. CC. de la Comunicació;47,0;47;
I0/130;I;Sala de màquines i instal·lacions;Sala Màquines d'Ascensors;;;;;;;;;;;;;;;;;;;;Fac. CC. de la Comunicació;6,0;6;
I0/132;I;Sala de màquines i instal·lacions;Sala de Màquines i instal·lacions;;;;;;;;;;;;;;;;;;;;Fac. CC. de la Comunicació;34,0;34;
I0/210;I;Sala de màquines i instal·lacions;Motor de calefacció;;;;;;;;;;;;;;;;;;;;Fac. CC. de la Comunicació;3,0;3;
I0/220;I;Sala de màquines i instal·lacions;Motor de calefacció;;;;;;;;;;;;;;;;;;;;Fac. CC. de la Comunicació;3,0;3;
I0/309;I;Sala de màquines i instal·lacions;Motor de calefacció;;;;;;;;;;;;;;;;;;;;Fac. CC. de la Comunicació;3,0;3;
I0/310;I;Sala de màquines i instal·lacions;Motor de calefacció;;;;;;;;;;;;;;;;;;;;Fac. CC. de la Comunicació;3,0;3;
I0/315;I;Sala de màquines i instal·lacions;Motor de calefacció;;;;;;;;;;;;;;;;;;;;Fac. CC. de la Comunicació;3,0;3;
I0/320;I;Sala de màquines i instal·lacions;Motor de calefacció;;;;;;;;;;;;;;;;;;;;Fac. CC. de la Comunicació;26,0;26;
I0/400;I;Sala de màquines i instal·lacions;Sala de Màquines d'ascensor;;;;;;;;;;;;;;;;;;;;Fac. CC. de la Comunicació;7,0;7;
I0/401;I;Sala de màquines i instal·lacions;Sala de Màquines d'ascensor;;;;;;;;;;;;;;;;;;;;Fac. CC. de la Comunicació;13,0;13;
I0/405;I;Sala de màquines i instal·lacions;Motor de calefacció;;;;;;;;;;;;;;;;;;;;Fac. CC. de la Comunicació;3,0;3;
I0/406;I;Sala de màquines i instal·lacions;Motor de calefacció;;;;;;;;;;;;;;;;;;;;Fac. CC. de la Comunicació;3,0;3;
I0/413;I;Sala de màquines i instal·lacions;Motor de calefacció;;;;;;;;;;;;;;;;;;;;Fac. CC. de la Comunicació;3,0;3;
I0/420;I;Sala de màquines i instal·lacions;Motor de calefacció;;;;;;;;;;;;;;;;;;;;Fac. CC. de la Comunicació;3,0;3;
I1/104;I;Sala de màquines i instal·lacions;Cabina projecció Aula Magna;;;;;;;;;;;;;;;;;;;;Fac. CC. de la Comunicació;13,0;13;
I2/119.3;I;Sala de màquines i instal·lacions;Sala d'equipaments;;;;;;;;;;;;;;;;;;;;Adm. Ciències Comunicació;9,0;9;
I0/VES0;I;Vestíbuls i sales d'espera;Vestibul planta 0;;;;;;;;;;;;;;;;;;;;Fac. CC. de la Comunicació;57,0;57;
I0/VES1;I;Vestíbuls i sales d'espera;Vestibul planta 1;;;;;;;;;;;;;;;;;;;;Fac. CC. de la Comunicació;2,0;2;
I0/VES3;I;Vestíbuls i sales d'espera;Vestibul deganat;;;;;;;;;;;;;;;;;;;;Fac. CC. de la Comunicació;15,0;15;
I0/205;I;Vestíbuls i sales d'espera;Sala d'espera;;;;;;;;;;;;;;;;;;;;Dep. Com. Audio. i Publicitat;16,0;16;
I0/205B;I;Vestíbuls i sales d'espera;Vestíbul Departament;;;;;;;;;;;;;;;;;;;;Dep. Com. Audio. i Publicitat;11,0;11;
I0/207;I;Vestíbuls i sales d'espera;Sala d'espera;;;;;;;;;;;;;;;;;;;;Dept. Period. Ciènc. Comunic.;20,0;20;
I0/321;I;Vestíbuls i sales d'espera;Vestíbul Deganat;;;;;;;;;;;;;;;;;;;;Fac. CC. de la Comunicació;15,0;15;
I2/103;I;Vestíbuls i sales d'espera;Vestibul;;;;;;;;;;;;;;;;;;;;Fac. CC. de la Comunicació;14,0;14;
I2/015;I;Vestuaris;Vestuari Homes;;;;;;;;;;;;;;;;;;;;Fac. CC. de la Comunicació;19,0;19;
I2/017;I;Vestuaris;Vestuari dones;;;;;;;;;;;;;;;;;;;;Fac. CC. de la Comunicació;19,0;19;
I2/046;I;Espais aliens a la UAB;Espai del Servei de Neteja;;;;;;;;;;;;;;;;;;;;Adm. Ciències Comunicació;28,0;28;
I/0002;I;Espais cedits i concessionaris;Espai de neteja;;;;;;;;;;;;;;;;;;;;Fac. CC. de la Comunicació;2,0;2;
I0/101B;I;Espais cedits i concessionaris;Espai de neteja;;;;;;;;;;;;;;;;;;;;Fac. CC. de la Comunicació;3,0;3;
I0/125;I;Espais cedits i concessionaris;Bar;;;;;;;;;;;;;;;;;;;;Fac. CC. de la Comunicació;241,0;241;
I0/232;I;Espais cedits i concessionaris;Quiosc;;;;;;;;;;;;;;;;;;;;Fac. CC. de la Comunicació;45,0;45;
I2/001;I;Espais cedits i concessionaris;Fotocòpies;;;;;;;;;;;;;;;;;;;;Fac. CC. de la Comunicació;28,0;28;
I/105EM/04;I;Micròfon corbata (EM/04);Micròfon de Corbata;;;;;;;;;;;;;;;;;;;;Fac. CC. de la Comunicació;0,0;0;
I/105EM/051;I;Micròfon de ma (EM/05);Micròfon de ma ;;;;;;;;;;;;;;;;;;;;Fac. CC. de la Comunicació;0,0;0;
I/105EM/081;I;Càmara vídeo (EM/08);Càmara Webcam 1;;;;;;;;;;;;;;;;;;;;Fac. CC. de la Comunicació;0,0;0;
I/105EM/082;I;Càmara vídeo (EM/08);Càmara Webcam 2;;;;;;;;;;;;;;;;;;;;Fac. CC. de la Comunicació;0,0;0;
I/105EM/083;I;Càmara vídeo (EM/08);Càmara Webcam 3;;;;;;;;;;;;;;;;;;;;Fac. CC. de la Comunicació;0,0;0;
I/105EM/09;I;Projector diapositives (EM/09);Projector de diapositives;;;;;;;;;;;;;;;;;;;;Fac. CC. de la Comunicació;0,0;0;
I/105EM/12;I;Retroprojector (EM/12);Retroprojector;;;;;;;;;;;;;;;;;;;;Fac. CC. de la Comunicació;0,0;0;
I/105EM/131;I;Pantalla (EM/13);Pantalla portàtil 1;;;;;;;;;;;;;;;;;;;;Fac. CC. de la Comunicació;0,0;0;
I/105EM/151;I;Canó projector (EM/15);Canó projector portàtil 1;;;;;;;;;;;;;;;;;;;;Fac. CC. de la Comunicació;0,0;0;
I/105EM/152;I;Canó projector (EM/15);Canó projector portàtil 2;;;;;;;;;;;;;;;;;;;;Fac. CC. de la Comunicació;0,0;0;
I/105EM/251;I;Punter làser (EM/25);Presentador i punter làser 1;;;;;;;;;;;;;;;;;;;;Fac. CC. de la Comunicació;0,0;0;
I/105EM/252;I;Punter làser (EM/25);Presentador i punter làser 2;;;;;;;;;;;;;;;;;;;;Fac. CC. de la Comunicació;0,0;0;
I/105EM/253;I;Punter làser (EM/25);Presentador i punter làser 3;;;;;;;;;;;;;;;;;;;;Fac. CC. de la Comunicació;0,0;0;
I/105EM/261;I;Pissarra (EM/26);Pissarra portàtil 1;;;;;;;;;;;;;;;;;;;;Fac. CC. de la Comunicació;0,0;0;
I/105EM/27;I;Papelògraf (EM/27);Papelògraf;;;;;;;;;;;;;;;;;;;;Fac. CC. de la Comunicació;0,0;0;
I/105EM/341;I;Ordinador portàtil (EM/34);Ordinador portàtil 1;;;;;;;;;;;;;;;;;;;;Fac. CC. de la Comunicació;0,0;0;
I/105EM/342;I;Ordinador portàtil (EM/34);Ordinador portàtil 2;;;;;;;;;;;;;;;;;;;;Fac. CC. de la Comunicació;0,0;0;
I/105EM/343;I;Ordinador portàtil (EM/34);Ordinador portàtil 3;;;;;;;;;;;;;;;;;;;;Fac. CC. de la Comunicació;0,0;0;
I/105EM/344;I;Ordinador portàtil (EM/34);Ordinador portàtil 4;;;;;;;;;;;;;;;;;;;;Fac. CC. de la Comunicació;0,0;0;
I/105EM/36;I;Aigues (EM/36);Aigües;;;;;;;;;;;;;;;;;;;;Fac. CC. de la Comunicació;0,0;0;
I/105EM/391;I;Altaveus portàtils (EM/39);Altaveus portàtils ordinador;;;;;;;;;;;;;;;;;;;;Fac. CC. de la Comunicació;0,0;0;
I/105EM/40;I;Cable ordinador-projector (EM/40);Cable ordinador-projector;;;;;;;;;;;;;;;;;;;;Fac. CC. de la Comunicació;0,0;0;
I/105EM/41;I;Urna (EM/41);Urna;;;;;;;;;;;;;;;;;;;;Fac. CC. de la Comunicació;0,0;0;
I/105EM/461;I;plafons d'exposicions (EM/46);Plafons d'Exposicions 01 Gran 2 x 1.20 ;;;;;;;;;;;;;;;;;;;;Fac. CC. de la Comunicació;0,0;0;
I/105EM/4610;I;plafons d'exposicions (EM/46);Plafons d'Exposicions 10 Gran 2 x 1.20;;;;;;;;;;;;;;;;;;;;Fac. CC. de la Comunicació;0,0;0;
I/105EM/4611;I;plafons d'exposicions (EM/46);Plafons d'Exposicions 11 Gran 2 x 1.20;;;;;;;;;;;;;;;;;;;;Fac. CC. de la Comunicació;0,0;0;
I/105EM/4612;I;plafons d'exposicions (EM/46);Plafons d'Exposicions 12 Gran 2 x 1.20;;;;;;;;;;;;;;;;;;;;Fac. CC. de la Comunicació;0,0;0;
I/105EM/4613;I;plafons d'exposicions (EM/46);Plafons d'Exposicions 13 Petit 1 x 1.20;;;;;;;;;;;;;;;;;;;;Fac. CC. de la Comunicació;0,0;0;
I/105EM/4614;I;plafons d'exposicions (EM/46);Plafons d'Exposicions 14 Petit 1 x 1.20;;;;;;;;;;;;;;;;;;;;Fac. CC. de la Comunicació;0,0;0;
I/105EM/4615;I;plafons d'exposicions (EM/46);Plafons d'Exposicions 15 Petit 1 x 1.20;;;;;;;;;;;;;;;;;;;;Fac. CC. de la Comunicació;0,0;0;
I/105EM/4616;I;plafons d'exposicions (EM/46);Plafons d'Exposicions 16 Petit 1 x 1.20;;;;;;;;;;;;;;;;;;;;Fac. CC. de la Comunicació;0,0;0;
I/105EM/462;I;plafons d'exposicions (EM/46);Plafons d'Exposicions 02 Gran 2 x 1.20;;;;;;;;;;;;;;;;;;;;Fac. CC. de la Comunicació;0,0;0;
I/105EM/463;I;plafons d'exposicions (EM/46);Plafons d'Exposicions 03 Gran 2 x 1.20;;;;;;;;;;;;;;;;;;;;Fac. CC. de la Comunicació;0,0;0;
I/105EM/464;I;plafons d'exposicions (EM/46);Plafons d'Exposicions 04 Gran 2 x 1.20;;;;;;;;;;;;;;;;;;;;Fac. CC. de la Comunicació;0,0;0;
I/105EM/465;I;plafons d'exposicions (EM/46);Plafons d'Exposicions 05 Gran 2 x 1.20;;;;;;;;;;;;;;;;;;;;Fac. CC. de la Comunicació;0,0;0;
I/105EM/466;I;plafons d'exposicions (EM/46);Plafons d'Exposicions 06 Gran 2 x 1.20;;;;;;;;;;;;;;;;;;;;Fac. CC. de la Comunicació;0,0;0;
I/105EM/467;I;plafons d'exposicions (EM/46);Plafons d'Exposicions 07 Gran 2 x 1.20;;;;;;;;;;;;;;;;;;;;Fac. CC. de la Comunicació;0,0;0;
I/105EM/468;I;plafons d'exposicions (EM/46);Plafons d'Exposicions 08 Gran 2 x 1.20;;;;;;;;;;;;;;;;;;;;Fac. CC. de la Comunicació;0,0;0;
I/105EM/469;I;plafons d'exposicions (EM/46);Plafons d'Exposicions 09 Gran 2 x 1.20;;;;;;;;;;;;;;;;;;;;Fac. CC. de la Comunicació;0,0;0;
Totals;;;;;;;1328;8;2512;;;;;;;0;;;;;;;;12917;12917;
